Zone,Apartment_Type,Laeq,SPL,RT60 (material ac),RT60(seconds),Surface_Area(m),Element,Material,Absortion_Coefficient,Height,Comfort_Index,Facade_Dampening(Score)
HD-Urban-V0,1Bed,61.43,0.396,0.315,0.32588,9,Window,Wired Glass + Unpainted Brick,0.035,3.0,0.49,8.131641
MD-Urban-V2,1Bed,54.8,0.33,3.42,0.4053,9,Door,Steel Door with Acoustic Treatment + Concrete Block (Coarse),0.38,3.0,0.362,7.534457
Roadside-V1,1Bed,71.72,0.472,4.14,0.35813,9,Wall,Concrete Block (Painted),0.46,3.0,0.328,8.058588
HD-Urban-V1,1Bed,57.27,0.307,3.24,0.327205,9,Wall,Concrete Block (Coarse),0.36,3.0,0.371,8.183029
GreenEdge-V3,1Bed,46.09,0.242,0.27,0.466555,9,Wall,Unpainted Brick,0.03,3.0,0.486,7.181502
Roadside-V2,1Bed,62.88,0.377,4.5,0.31189,9,Wall,Acoustic Plaster,0.5,3.0,0.309,8.521947
Roadside-V2,1Bed,61.97,0.367,2.7,0.366137,9,Floor,Thin Carpet on Wood,0.3,3.0,0.399,8.800947
HD-Urban-V0,1Bed,64.25,0.398,0.9,0.576169,9,Floor,Wood Flooring on Joists,0.1,3.0,0.489,8.005095
HD-Urban-V1,1Bed,56.88,0.341,2.7,0.33045,9,Ceiling,Plasterboard 10mm Thick Backed with 25mm Thick Bitumen,0.3,3.0,0.398,5.966499
HD-Urban-V1,1Bed,55.8,0.332,4.5,0.534718,9,Ceiling,0.8mm Unperforated Metal Panels Backed with 25mm Thick Resin Bonded Fibreglass,0.5,6.0,0.308,6.127499
GreenEdge-V3,1Bed,41.29,0.187,2.871,0.431355,9,Window,Laminated Glass + Concrete Block (Coarse),0.319,6.0,0.388,8.314008
Roadside-V2,1Bed,62.99,0.368,0.675,0.541612,9,Door,Acoustic Door + Painted Brick,0.075,6.0,0.5,8.235008
Ind-Zone-V0,1Bed,80.75,0.559,0.27,0.493733,9,Wall,Unpainted Brick,0.03,6.0,0.489,6.131531
Roadside-V2,1Bed,60.32,0.396,4.5,0.573093,9,Wall,Acoustic Plaster,0.5,6.0,0.309,9.823013
HD-Urban-V0,1Bed,60.93,0.375,0.09,0.56472,9,Wall,Painted Brick,0.01,6.0,0.478,9.31724
HD-Urban-V0,1Bed,64.2,0.435,5.85,0.814015,9,Wall,Fiberglass Board,0.65,6.0,0.242,9.5692
Ind-Zone-V0,1Bed,77.75,0.522,2.7,0.577892,9,Floor,Thin Carpet on Wood,0.3,6.0,0.4,9.3732
HD-Urban-V1,1Bed,57.61,0.369,0.9,0.443227,9,Floor,Wood Flooring on Joists,0.1,6.0,0.489,9.3182
HD-Urban-V1,1Bed,59.94,0.393,1.8,0.521163,9,Ceiling,50mm Mineral Wool Behind 25% Open Area Perforated Steel,0.2,6.0,0.444,6.930046
HD-Urban-V0,1Bed,60.47,0.398,1.8,0.611929,9,Ceiling,Plywood 12mm Thick Perforated 5mm Diameter Holes with 60mm Deep Air Space Behind,0.2,6.0,0.444,7.026046
GreenEdge-V3,1Bed,47.87,0.243,2.925,0.460112,9,Window,Wired Glass + Acoustic Plaster,0.325,9.0,0.386,7.448428
Roadside-V1,1Bed,68.3,0.448,0.297,0.974028,9,Door,Sliding Wood Door + Unpainted Brick,0.033,9.0,0.489,7.226428
GreenEdge-V3,1Bed,41.67,0.181,3.24,0.679969,9,Wall,Concrete Block (Coarse),0.36,9.0,0.37,7.148311
HD-Urban-V1,1Bed,58.9,0.354,0.09,0.706312,9,Wall,Painted Brick,0.01,9.0,0.478,6.922311
HD-Urban-V0,1Bed,64.38,0.409,4.14,0.471795,9,Wall,Concrete Block (Painted),0.46,9.0,0.327,9.483949
Ind-Zone-V0,1Bed,78.68,0.538,0.27,0.441002,9,Wall,Unpainted Brick,0.03,9.0,0.489,11.770506
MD-Urban-V2,1Bed,53.36,0.279,1.35,0.445065,9,Floor,Cork Floor Tiles,0.15,9.0,0.465,8.183731
HD-Urban-V1,1Bed,59.85,0.338,0.9,0.541916,9,Floor,Wood Flooring on Joists,0.1,9.0,0.488,8.130731
HD-Urban-V1,1Bed,56.49,0.304,6.57,0.238106,9,Ceiling,"Metal Deck (Perforated Channels, 75mm Batts)",0.73,9.0,0.205,8.386731
Roadside-V1,1Bed,72.15,0.476,4.5,0.373641,9,Ceiling,"100mm Woodwool Slabs on 25mm Cavity, Pre-Screeded Surface Facing Cavity",0.5,12.0,0.31,7.711372
HD-Urban-V0,1Bed,62.37,0.362,0.207,0.612705,9,Door,Single Pane Glass Door + Plaster on Masonry,0.023,12.0,0.484,10.82678
Roadside-V2,1Bed,63.01,0.353,0.36,0.249802,9,Wall,Plaster with Wallpaper Backing,0.04,12.0,0.492,8.291058
HD-Urban-V1,1Bed,56.79,0.333,5.85,0.425654,9,Wall,Fiberglass Board,0.65,12.0,0.241,8.275058
HD-Urban-V1,1Bed,59.37,0.337,3.24,0.454699,9,Wall,Concrete Block (Coarse),0.36,12.0,0.371,6.49615
MD-Urban-V2,1Bed,52.87,0.293,1.35,0.386185,9,Wall,Wood Paneling,0.15,12.0,0.465,6.052833
Ind-Zone-V0,1Bed,76.09,0.494,5.85,0.371486,9,Wall,Fiberglass Board,0.65,12.0,0.242,6.040833
Roadside-V2,1Bed,62.22,0.387,0.09,0.373641,9,Floor,Marble,0.01,12.0,0.478,6.503833
HD-Urban-V0,1Bed,60.73,0.351,0.63,0.66591,9,Floor,Wood Parquet,0.07,12.0,0.502,11.773241
HD-Urban-V1,1Bed,59.52,0.314,2.7,0.373496,9,Ceiling,"50mm Woodwool Slabs on 25mm Cavity, Pre-Screeded Surface Facing Cavity",0.3,12.0,0.398,11.763241
HD-Urban-V0,"2Bed
",61.43,0.396,6.3,0.652262,9,Ceiling,Sprayed Cellulose Fiber (75mm on Solid Backing),0.7,3.0,0.483,11.847365
MD-Urban-V2,"2Bed
",54.8,0.33,0.135,0.734043,9,Window,Small Pane Glass + Painted Brick,0.015,3.0,0.489,11.696365
Roadside-V1,"2Bed
",71.72,0.499,0.144,0.451402,9,Door,Sliding Wood Door + Painted Brick,0.016,3.0,0.483,10.034402
HD-Urban-V1,"2Bed
",57.27,0.354,0.45,0.57827,9,Wall,Gypsum Board,0.05,3.0,0.275,9.992402
GreenEdge-V3,"2Bed
",46.09,0.242,0.36,0.499225,9,Wall,Plaster with Wallpaper Backing,0.04,3.0,0.49,9.9121
Roadside-V2,"2Bed
",62.88,0.352,5.85,0.447533,9,Wall,Fiberglass Board,0.65,3.0,0.327,10.2881
Roadside-V2,"2Bed
",61.97,0.367,1.35,0.549801,9,Wall,Wood Paneling,0.15,3.0,0.483,14.553062
HD-Urban-V0,"2Bed
",64.25,0.39,1.35,0.602808,9,Floor,Cork Floor Tiles,0.15,3.0,0.478,15.014693
HD-Urban-V1,"2Bed
",56.88,0.317,4.5,0.729607,9,Floor,Thick Pile Carpet,0.5,3.0,0.478,12.999725
HD-Urban-V1,"2Bed
",55.8,0.306,2.25,0.700508,9,Ceiling,"100mm Woodwool Fixed Directly to Concrete, Pre-Screeded Surface Facing Backing",0.25,3.0,0.488,13.002725
GreenEdge-V3,"2Bed
",41.29,0.161,2.25,0.668975,9,Ceiling,"100mm Woodwool Fixed Directly to Concrete, Pre-Screeded Surface Facing Backing",0.25,3.0,0.307,15.720171
Roadside-V2,"2Bed
",62.99,0.434,3.501,1.03871,9,Window,Double Pane Glass + Concrete Block (Painted),0.389,3.0,0.467,14.639667
Ind-Zone-V0,"2Bed
",80.75,0.612,3.951,0.485427,9,Door,Plywood Door + Acoustic Plaster,0.439,3.0,0.446,14.300997
Roadside-V2,"2Bed
",60.32,0.408,4.5,0.572275,9,Wall,Acoustic Plaster,0.5,3.0,0.206,12.272125
HD-Urban-V0,"2Bed
",60.93,0.414,0.27,0.647453,9,Wall,Unpainted Brick,0.03,3.0,0.493,13.89571
HD-Urban-V0,"2Bed
",64.2,0.447,5.85,0.544839,9,Wall,Fiberglass Board,0.65,3.0,0.487,15.407693
Ind-Zone-V0,"2Bed
",77.75,0.582,3.24,0.638678,9,Wall,Concrete Block (Coarse),0.36,3.0,0.48,9.765879
HD-Urban-V1,"2Bed
",57.61,0.381,0.9,1.014706,9,Floor,Wood Flooring on Joists,0.1,3.0,0.497,12.995867
HD-Urban-V1,"2Bed
",59.94,0.404,2.25,0.604884,9,Floor,Thin Carpet on Concrete,0.25,3.0,0.489,10.705251
HD-Urban-V0,"2Bed
",60.47,0.409,0.72,0.449721,9,Ceiling,Sprayed Cellulose Fiber (25mm on Solid Backing),0.08,3.0,0.479,10.447734
GreenEdge-V3,"2Bed
",47.87,0.283,2.7,0.717149,9,Ceiling,Plasterboard 10mm Thick Backed with 25mm Thick Bitumen,0.3,3.0,0.486,10.705251
Roadside-V1,"2Bed
",68.3,0.457,0.864,0.8433,9,Window,Laminated Glass + Unpainted Brick,0.096,6.0,0.31,10.447734
GreenEdge-V3,"2Bed
",41.67,0.191,3.375,0.460439,9,Window,Glass Block + Acoustic Plaster,0.375,6.0,0.307,18.131086
HD-Urban-V1,"2Bed
",58.9,0.363,3.582,0.886239,9,Door,Sliding Wood Door + Concrete Block (Painted),0.398,6.0,0.478,20.911219
HD-Urban-V0,"2Bed
",64.38,0.418,0.18,0.536965,9,Wall,Plaster on Masonry,0.02,6.0,0.309,12.782173
Ind-Zone-V0,"2Bed
",78.68,0.561,0.45,0.989247,9,Wall,Gypsum Board,0.05,6.0,0.414,53.056782
MD-Urban-V2,"2Bed
",53.36,0.266,4.5,0.604128,9,Wall,Acoustic Plaster,0.5,6.0,0.308,15.033362
HD-Urban-V1,"2Bed
",59.85,0.331,0.09,0.534884,9,Floor,Marble,0.01,6.0,0.497,16.255461
HD-Urban-V1,"2Bed
",56.49,0.297,0.09,0.835279,9,Floor,Marble,0.01,6.0,0.477,53.056782
Roadside-V1,"2Bed
",72.15,0.48,4.05,0.554535,9,Ceiling,"12% Perforated Plaster Tiles with Absorbent Felt, 200mm Ceiling Void",0.45,6.0,0.491,12.311458
HD-Urban-V0,"2Bed
",62.37,0.382,6.57,0.687055,9,Ceiling,"Metal Deck (Perforated Channels, 75mm Batts)",0.73,6.0,0.429,53.056782
Roadside-V2,"2Bed
",63.01,0.374,2.565,0.694215,9,Window,Glass Block + Concrete Block (Painted),0.285,6.0,0.333,16.255461
HD-Urban-V1,"2Bed
",56.79,0.361,0.378,0.650724,9,Door,Sliding Wood Door + Plaster with Wallpaper Backing,0.042,6.0,0.372,8.131641
HD-Urban-V1,"2Bed
",59.37,0.358,3.24,0.669671,9,Wall,Concrete Block (Coarse),0.36,9.0,0.241,7.534457
MD-Urban-V2,"2Bed
",52.87,0.293,0.36,0.610619,9,Wall,Plaster with Wallpaper Backing,0.04,9.0,0.24,8.058588
Ind-Zone-V0,"2Bed
",76.09,0.489,0.09,0.487879,9,Wall,Painted Brick,0.01,9.0,0.242,8.183029
Roadside-V2,"2Bed
",62.22,0.35,3.24,0.738815,9,Wall,Concrete Block (Coarse),0.36,9.0,0.466,7.181502
HD-Urban-V0,"2Bed
",60.73,0.336,1.35,0.54793,9,Floor,Cork Floor Tiles,0.15,9.0,0.308,8.521947
HD-Urban-V1,"2Bed
",59.52,0.374,2.25,0.530187,9,Floor,Thin Carpet on Concrete,0.25,9.0,0.478,8.800947
HD-Urban-V1,"2Bed
",55.63,0.275,1.08,0.591006,9,Ceiling,"Metal Ceiling, 32.5% Perforated, Backed by 30mm Rockwool",0.12,9.0,0.497,8.005095
HD-Urban-V0,"2Bed
",64.95,0.389,0.54,0.661417,9,Ceiling,"Mineral Wool Tiles, Glued/Screwed to Soffit",0.06,9.0,0.426,5.966499
Roadside-V1,"2Bed
",66.19,0.441,2.016,0.475628,9,Window,Glazed Ceramic Tile + Concrete Block (Coarse),0.224,9.0,0.467,6.127499
GreenEdge-V3,"2Bed
",42.59,0.177,3.465,0.621022,9,Window,Wired Glass + Acoustic Plaster,0.385,9.0,0.482,8.314008
GreenEdge-V3,"2Bed
",48.44,0.203,0.675,0.652042,9,Door,Acoustic Door + Painted Brick,0.075,9.0,0.398,8.235008
Roadside-V2,"2Bed
",60.44,0.344,0.27,0.526861,9,Wall,Unpainted Brick,0.03,9.0,0.375,6.131531
HD-Urban-V0,"2Bed
",60.46,0.384,0.27,0.912612,9,Wall,Unpainted Brick,0.03,9.0,0.466,9.823013
LD-Urban-V3,"2Bed
",49.24,0.244,4.14,0.939232,9,Wall,Concrete Block (Painted),0.46,9.0,0.49,9.31724
Roadside-V2,"2Bed
",60.97,0.338,2.7,0.498709,9,Floor,Thin Carpet on Wood,0.3,9.0,0.482,9.5692
Roadside-V2,"2Bed
",61.3,0.392,4.5,0.602808,9,Floor,Medium Pile Carpet,0.5,9.0,0.241,9.3732
Roadside-V2,"2Bed
",64.56,0.425,4.23,0.851476,9,Ceiling,Sprayed Cellulose Fiber (25mm on Timber Lath),0.47,9.0,0.309,9.3182
Roadside-V1,"2Bed
",68.98,0.444,4.05,0.417369,9,Ceiling,"12% Perforated Plaster Tiles with Absorbent Felt, 200mm Ceiling Void",0.45,12.0,0.503,6.930046
HD-Urban-V0,"2Bed
",60.93,0.363,0.918,0.689507,9,Window,Laminated Glass + Plaster with Wallpaper Backing,0.102,12.0,0.487,7.026046
MD-Urban-V2,"2Bed
",53.92,0.293,0.207,0.610041,9,Window,Insulated Glazing Unit + Plaster on Masonry,0.023,12.0,0.308,7.448428
LD-Urban-V3,"2Bed
",48.53,0.2,0.288,0.565905,9,Door,Single Pane Glass Door + Unpainted Brick,0.032,12.0,0.442,7.226428
HD-Urban-V0,"2Bed
",63.35,0.398,3.24,0.766667,9,Wall,Concrete Block (Coarse),0.36,12.0,0.309,7.148311
Ind-Zone-V0,"2Bed
",77.22,0.515,1.35,0.418001,9,Wall,Wood Paneling,0.15,12.0,0.48,6.922311
LD-Urban-V3,"2Bed
",48.88,0.203,0.36,0.697221,9,Wall,Plaster with Wallpaper Backing,0.04,12.0,0.478,9.483949
Roadside-V2,"2Bed
",64.11,0.355,0.27,0.750874,9,Floor,Vinyl Tile,0.03,12.0,0.32,11.770506
Roadside-V2,"2Bed
",61.12,0.325,4.5,0.577406,9,Floor,Medium Pile Carpet,0.5,12.0,0.495,8.183731
GreenEdge-V3,"2Bed
",45.01,0.215,3.78,0.635317,9,Ceiling,"Mineral Wool Tiles, 180mm Airspace",0.42,12.0,0.494,8.130731
HD-Urban-V1,"2Bed
",55.14,0.295,1.35,0.435429,9,Ceiling,Plasterboard (12mm) in Suspended Ceiling Grid,0.15,12.0,0.477,8.386731
HD-Urban-V1,"2Bed
",57.89,0.322,0.36,0.702801,9,Window,Large Pane Glass + Plaster with Wallpaper Backing,0.04,12.0,0.241,7.711372
Ind-Zone-V0,"2Bed
",77.2,0.515,3.42,0.787607,9,Door,Steel Door with Acoustic Treatment + Concrete Block (Coarse),0.38,12.0,0.31,10.82678
GreenEdge-V3,"2Bed
",47.64,0.22,0.27,0.527293,9,Wall,Unpainted Brick,0.03,12.0,0.325,8.291058
MD-Urban-V2,"2Bed
",51.25,0.256,4.14,0.459781,9,Wall,Concrete Block (Painted),0.46,12.0,0.308,8.275058
HD-Urban-V1,"2Bed
",58.5,0.328,0.45,0.47516,9,Wall,Gypsum Board,0.05,12.0,0.421,6.49615
HD-Urban-V1,"2Bed
",57.83,0.322,4.14,0.604506,9,Wall,Concrete Block (Painted),0.46,12.0,0.478,6.052833
Roadside-V2,"2Bed
",61.01,0.353,4.5,0.795389,9,Floor,Thick Pile Carpet,0.5,12.0,0.331,6.040833
Roadside-V2,"2Bed
",60.53,0.349,0.63,0.952663,9,Floor,Wood Parquet,0.07,12.0,0.398,6.503833
HD-Urban-V0,"3Bed
",61.43,0.396,0.45,1.022583,9,Ceiling,Sprayed Cellulose Fiber (16mm on Solid Backing),0.05,3.0,0.501,11.773241
MD-Urban-V2,"3Bed
",54.8,0.283,1.8,0.871055,9,Ceiling,Plywood 12mm Thick Perforated 5mm Diameter Holes with 60mm Deep Air Space Behind,0.2,3.0,0.489,11.763241
Roadside-V1,"3Bed
",71.72,0.452,0.288,0.824232,9,Window,Wired Glass + Plaster on Masonry,0.032,3.0,0.35,11.847365
HD-Urban-V1,"3Bed
",57.27,0.307,0.828,1.046587,9,Door,Acoustic Door + Unpainted Brick,0.092,3.0,0.483,11.696365
GreenEdge-V3,"3Bed
",46.09,0.265,3.24,0.677736,9,Wall,Concrete Block (Coarse),0.36,3.0,0.498,10.034402
Roadside-V2,"3Bed
",62.88,0.363,1.35,0.762431,9,Wall,Wood Paneling,0.15,3.0,0.491,9.992402
Roadside-V2,"3Bed
",61.97,0.383,3.24,0.745946,9,Wall,Concrete Block (Coarse),0.36,3.0,0.483,9.9121
HD-Urban-V0,"3Bed
",64.25,0.39,3.24,0.808819,9,Wall,Concrete Block (Coarse),0.36,3.0,0.492,10.2881
HD-Urban-V1,"3Bed
",56.88,0.373,0.9,0.801438,9,Floor,Wood Flooring on Joists,0.1,3.0,0.496,14.553062
HD-Urban-V1,"3Bed
",55.8,0.281,0.09,1.005552,9,Floor,Marble,0.01,3.0,0.495,15.014693
GreenEdge-V3,"3Bed
",41.29,0.176,1.8,0.656994,9,Ceiling,Plywood 12mm Thick Perforated 5mm Diameter Holes with 60mm Deep Air Space Behind,0.2,3.0,0.464,12.999725
Roadside-V2,"3Bed
",62.99,0.378,1.08,0.683813,9,Ceiling,"Metal Ceiling, 32.5% Perforated, Backed by 30mm Rockwool",0.12,3.0,0.421,13.002725
Ind-Zone-V0,"3Bed
",80.75,0.612,2.187,1.000345,9,Window,Frosted Glass + Concrete Block (Coarse),0.243,3.0,0.424,15.720171
Roadside-V2,"3Bed
",60.32,0.366,0.576,0.694964,9,Door,Laminated Glass Door + Plaster with Wallpaper Backing,0.064,3.0,0.466,14.639667
HD-Urban-V0,"3Bed
",60.93,0.384,3.24,1.62809,9,Wall,Concrete Block (Coarse),0.36,6.0,0.219,14.300997
HD-Urban-V0,"3Bed
",64.2,0.38,0.09,0.765048,9,Wall,Painted Brick,0.01,6.0,0.444,12.272125
Ind-Zone-V0,"3Bed
",77.75,0.51,0.36,0.721614,9,Wall,Plaster with Wallpaper Backing,0.04,6.0,0.49,13.89571
HD-Urban-V1,"3Bed
",57.61,0.369,0.27,0.581111,9,Wall,Unpainted Brick,0.03,6.0,0.421,15.407693
HD-Urban-V1,"3Bed
",59.94,0.344,0.09,0.715732,9,Floor,Marble,0.01,6.0,0.484,9.765879
HD-Urban-V0,"3Bed
",60.47,0.326,4.5,0.767682,9,Floor,Medium Pile Carpet,0.5,6.0,0.494,12.995867
GreenEdge-V3,"3Bed
",47.87,0.272,4.05,0.827527,9,Ceiling,"Gypsum Plaster Tiles, 17% Perforated, 22mm",0.45,6.0,0.487,10.705251
Roadside-V1,"3Bed
",68.3,0.441,2.25,1.236876,9,Ceiling,"100mm Woodwool Fixed Directly to Concrete, Pre-Screeded Surface Facing Backing",0.25,6.0,0.357,10.447734
GreenEdge-V3,"3Bed
",41.67,0.161,2.556,0.515842,9,Window,Single Pane Glass + Concrete Block (Coarse),0.284,6.0,0.495,10.705251
HD-Urban-V1,"3Bed
",58.9,0.31,0.792,0.725952,9,Window,Double Pane Glass + Unpainted Brick,0.088,6.0,0.308,10.447734
HD-Urban-V0,"3Bed
",64.38,0.437,0.297,0.764442,9,Window,Large Pane Glass + Unpainted Brick,0.033,6.0,0.497,18.131086
Ind-Zone-V0,"3Bed
",78.68,0.531,2.799,0.913619,9,Door,Single Pane Glass Door + Concrete Block (Coarse),0.311,6.0,0.493,20.911219
MD-Urban-V2,"3Bed
",53.36,0.278,4.5,0.778196,9,Wall,Acoustic Plaster,0.5,6.0,0.491,12.782173
HD-Urban-V1,"3Bed
",59.85,0.357,0.36,0.528929,9,Wall,Plaster with Wallpaper Backing,0.04,6.0,0.487,53.056782
HD-Urban-V1,"3Bed
",56.49,0.309,0.09,0.900839,9,Floor,Terrazzo,0.01,6.0,0.421,15.033362
Roadside-V1,"3Bed
",72.15,0.515,0.63,0.565463,9,Floor,Wood Parquet,0.07,6.0,0.31,16.255461
HD-Urban-V0,"3Bed
",62.37,0.417,0.9,0.78282,9,Ceiling,"Wood Panels, 18mm Alternate 15mm Slot & 35mm Wooden Slat with 25mm Rockwool Backing",0.1,6.0,0.309,53.056782
Roadside-V2,"3Bed
",63.01,0.423,2.25,0.633028,9,Ceiling,"Plasterboard 10mm Thick, Perforated 8mm Diameter Holes with 25mm Bitumen-Bonded Fibreglass",0.25,6.0,0.467,12.311458
HD-Urban-V1,"3Bed
",56.79,0.361,0.261,0.689836,9,Window,Frosted Glass + Painted Brick,0.029,6.0,0.478,53.056782
HD-Urban-V1,"3Bed
",59.37,0.358,1.125,0.598637,9,Window,Wired Glass + Wood Paneling,0.125,9.0,0.412,16.255461
MD-Urban-V2,"3Bed
",52.87,0.293,0.783,1.186732,9,Door,Fire-Rated Door with Mineral Core + Plaster with Wallpaper Backing,0.087,9.0,0.47,8.131641
Ind-Zone-V0,"3Bed
",76.09,0.489,0.45,0.731818,9,Wall,Gypsum Board,0.05,9.0,0.4,7.534457
Roadside-V2,"3Bed
",62.22,0.374,0.45,0.698313,9,Wall,Gypsum Board,0.05,9.0,0.293,8.058588
HD-Urban-V0,"3Bed
",60.73,0.336,5.85,0.756263,9,Wall,Fiberglass Board,0.65,9.0,0.487,8.183029
HD-Urban-V1,"3Bed
",59.52,0.374,0.27,0.792236,9,Floor,Vinyl Tile,0.03,9.0,0.395,7.181502
HD-Urban-V1,"3Bed
",55.63,0.296,0.27,0.718572,9,Floor,Vinyl Tile,0.03,9.0,0.462,8.521947
HD-Urban-V0,"3Bed
",64.95,0.389,4.23,0.72577,9,Ceiling,Sprayed Cellulose Fiber (25mm on Timber Lath),0.47,9.0,0.503,8.800947
Roadside-V1,"3Bed
",66.19,0.401,1.71,0.808368,9,Ceiling,"Metal Deck (Perforated Channels, 25mm Batts)",0.19,9.0,0.327,8.005095
GreenEdge-V3,"3Bed
",42.59,0.165,2.088,0.751556,9,Window,Small Pane Glass + Concrete Block (Coarse),0.232,9.0,0.494,5.966499
GreenEdge-V3,"3Bed
",48.44,0.236,0.09,0.579716,9,Window,Glazed Ceramic Tile + Painted Brick,0.01,9.0,0.495,6.127499
Roadside-V2,"3Bed
",60.44,0.383,1.215,0.906191,9,Door,Sliding Wood Door + Wood Paneling,0.135,9.0,0.492,8.314008
HD-Urban-V0,"3Bed
",60.46,0.384,1.35,0.636364,9,Wall,Wood Paneling,0.15,9.0,0.496,8.235008
LD-Urban-V3,"3Bed
",49.24,0.271,0.27,0.685593,9,Wall,Unpainted Brick,0.03,9.0,0.308,6.131531
Roadside-V2,"3Bed
",60.97,0.389,0.36,0.569687,9,Wall,Plaster with Wallpaper Backing,0.04,9.0,0.466,9.823013
Roadside-V2,"3Bed
",61.3,0.392,0.09,0.725225,9,Floor,Marble,0.01,9.0,0.502,9.31724
Roadside-V2,"3Bed
",64.56,0.4,0.27,0.816338,9,Floor,Vinyl Tile,0.03,12.0,0.309,9.5692
Roadside-V1,"3Bed
",68.98,0.444,0.9,1.027295,9,Ceiling,0.8mm Perforated Metal Tiles with 25mm Thick Resin-Bonded Fibreglass Slab,0.1,12.0,0.489,9.3732
HD-Urban-V0,"3Bed
",60.93,0.363,4.05,0.632199,9,Ceiling,"Gypsum Plaster Tiles, 17% Perforated, 22mm",0.45,12.0,0.478,9.3182
MD-Urban-V2,"3Bed
",53.92,0.262,2.781,1.068978,9,Window,Glass Block + Acoustic Plaster,0.309,12.0,0.42,6.930046
LD-Urban-V3,"3Bed
",48.53,0.209,0.747,0.862757,9,Window,Double Pane Glass + Gypsum Board,0.083,12.0,0.447,7.026046
HD-Urban-V0,"3Bed
",63.35,0.377,0.63,1.054202,9,Door,Fire-Rated Door with Mineral Core + Plaster on Masonry,0.07,12.0,0.376,7.448428
Ind-Zone-V0,"3Bed
",77.22,0.495,0.18,0.604002,9,Wall,Plaster on Masonry,0.02,12.0,0.492,7.226428
LD-Urban-V3,"3Bed
",48.88,0.254,0.36,0.682364,9,Wall,Plaster with Wallpaper Backing,0.04,12.0,0.498,7.148311
Roadside-V2,"3Bed
",64.11,0.364,0.18,0.88814,9,Wall,Plaster on Masonry,0.02,12.0,0.485,6.922311
Roadside-V2,"3Bed
",61.12,0.344,0.27,0.713969,9,Floor,Vinyl Tile,0.03,12.0,0.488,9.483949
GreenEdge-V3,"3Bed
",45.01,0.164,4.5,0.634413,9,Floor,Medium Pile Carpet,0.5,12.0,0.485,11.770506
HD-Urban-V1,"3Bed
",55.14,0.266,2.7,0.761229,9,Ceiling,"50mm Woodwool Slabs on 25mm Cavity, Pre-Screeded Surface Facing Cavity",0.3,12.0,0.491,8.183731
HD-Urban-V0,1Bed,61.43,0.396,0.225,0.409767,9,Door,Sliding Wood Door + Plaster on Masonry,0.025,3.0,0.494,53.056782
MD-Urban-V2,1Bed,54.8,0.33,0.18,0.643297,9,Wall,Plaster on Masonry,0.02,3.0,0.473,16.255461
Roadside-V1,1Bed,71.72,0.452,0.27,0.327314,9,Wall,Unpainted Brick,0.03,3.0,0.31,
HD-Urban-V1,1Bed,57.27,0.314,0.36,0.503508,9,Wall,Plaster with Wallpaper Backing,0.04,3.0,0.487,
GreenEdge-V3,1Bed,46.09,0.265,0.36,0.333298,9,Wall,Plaster with Wallpaper Backing,0.04,3.0,0.495,
Roadside-V2,1Bed,62.88,0.384,0.09,0.357599,9,Floor,Marble,0.01,3.0,0.466,
Roadside-V2,1Bed,61.97,0.401,2.7,0.493731,9,Floor,Thin Carpet on Wood,0.3,3.0,0.309,
HD-Urban-V0,1Bed,64.25,0.447,2.25,0.79005,9,Ceiling,"100mm Woodwool Fixed Directly to Concrete, Pre-Screeded Surface Facing Backing",0.25,3.0,0.309,
HD-Urban-V0,"2Bed
",61.43,0.396,1.35,0.473297,9,Ceiling,"75mm Woodwool Fixed Directly to Concrete, Pre-Screeded Surface Facing Backing",0.15,3.0,0.94,
MD-Urban-V2,"2Bed
",54.8,0.33,0.306,0.458798,9,Window,Large Pane Glass + Unpainted Brick,0.034,3.0,0.917,
Roadside-V1,"2Bed
",71.72,0.499,0.162,0.699493,9,Window,Large Pane Glass + Painted Brick,0.018,3.0,0.99,
HD-Urban-V1,"2Bed
",57.27,0.354,0.711,0.56857,9,Door,Fire-Rated Door with Mineral Core + Unpainted Brick,0.079,3.0,0.978,
GreenEdge-V3,"2Bed
",46.09,0.184,3.24,1.205993,9,Wall,Concrete Block (Coarse),0.36,3.0,0.982,
Roadside-V2,"2Bed
",62.88,0.352,1.35,0.625243,9,Wall,Wood Paneling,0.15,3.0,0.979,
Roadside-V2,"2Bed
",61.97,0.424,0.36,0.692721,9,Wall,Plaster with Wallpaper Backing,0.04,3.0,0.988,
HD-Urban-V0,"2Bed
",64.25,0.39,2.25,0.547774,9,Floor,Thin Carpet on Concrete,0.25,3.0,0.975,
HD-Urban-V1,"2Bed
",56.88,0.332,2.25,0.529896,9,Floor,Thin Carpet on Concrete,0.25,3.0,0.985,
HD-Urban-V1,"2Bed
",55.8,0.306,1.26,0.913475,9,Ceiling,"Plaster (Gypsum or Lime, Rough Finish or Timber Lath)",0.14,3.0,0.805,
GreenEdge-V3,"2Bed
",41.29,0.161,0.9,0.652482,9,Ceiling,"Wood Panels, 18mm Alternate 15mm Slot & 35mm Wooden Slat with 25mm Rockwool Backing",0.1,3.0,0.85,
Roadside-V2,"2Bed
",62.99,0.378,0.153,0.769415,9,Window,Glass Block + Plaster on Masonry,0.017,3.0,0.895,
Ind-Zone-V0,"2Bed
",80.75,0.555,2.799,0.663918,9,Door,Single Pane Glass Door + Concrete Block (Coarse),0.311,3.0,0.819,
Roadside-V2,"2Bed
",60.32,0.351,0.27,0.807692,9,Wall,Unpainted Brick,0.03,3.0,0.994,
HD-Urban-V0,"2Bed
",60.93,0.414,0.09,0.857143,9,Wall,Painted Brick,0.01,3.0,0.998,
HD-Urban-V0,"2Bed
",64.2,0.447,1.35,0.523152,9,Wall,Wood Paneling,0.15,3.0,0.963,
Ind-Zone-V0,"2Bed
",77.75,0.582,0.45,0.888276,9,Wall,Gypsum Board,0.05,3.0,0.988,
HD-Urban-V1,"2Bed
",57.61,0.381,0.63,1.109707,9,Floor,Wood Parquet,0.07,3.0,0.738,
HD-Urban-V1,"2Bed
",59.94,0.404,4.5,0.604884,9,Floor,Thick Pile Carpet,0.5,3.0,0.917,
HD-Urban-V0,"2Bed
",60.47,0.409,1.35,0.557576,9,Ceiling,Plasterboard (12mm) in Suspended Ceiling Grid,0.15,3.0,0.895,
GreenEdge-V3,"2Bed
",47.87,0.283,0.72,0.908322,9,Ceiling,Sprayed Cellulose Fiber (25mm on Solid Backing),0.08,3.0,0.702,
Roadside-V1,"2Bed
",68.3,0.488,0.324,0.752336,9,Window,Single Pane Glass + Painted Brick,0.036,3.0,0.922,
GreenEdge-V3,"2Bed
",41.67,0.221,0.216,0.750291,9,Window,Insulated Glazing Unit + Plaster on Masonry,0.024,3.0,0.832,
HD-Urban-V1,"2Bed
",58.9,0.394,4.383,0.51424,9,Window,Glazed Ceramic Tile + Fiberglass Board,0.487,3.0,0.984,
HD-Urban-V0,"2Bed
",64.38,0.448,0.819,0.583686,9,Door,Steel Door with Acoustic Treatment + Plaster on Masonry,0.091,3.0,0.979,
Ind-Zone-V0,"2Bed
",78.68,0.591,0.36,0.834918,9,Wall,Plaster with Wallpaper Backing,0.04,3.0,0.868,
HD-Urban-V0,"3Bed
",61.43,0.396,5.85,0.654619,9,Wall,Fiberglass Board,0.65,3.0,0.984,
MD-Urban-V2,"3Bed
",54.8,0.33,2.25,0.54443,9,Floor,Thin Carpet on Concrete,0.25,3.0,0.868,
Roadside-V1,"3Bed
",71.72,0.499,0.09,1.161989,9,Floor,Terrazzo,0.01,3.0,0.975,
HD-Urban-V1,"3Bed
",57.27,0.354,3.6,1.094411,9,Ceiling,"Plywood, 12mm, with 30mm Thick Fibreglass Backing Between 30mm Battens",0.4,3.0,0.975,
GreenEdge-V3,"3Bed
",46.09,0.196,0.54,0.778614,9,Ceiling,"Mineral Wool Tiles, Glued/Screwed to Soffit",0.06,3.0,0.922,
Roadside-V2,"3Bed
",62.88,0.363,2.961,0.670678,9,Window,Frosted Glass + Acoustic Plaster,0.329,3.0,0.31,
Roadside-V2,"3Bed
",61.97,0.354,2.871,0.817489,9,Window,Laminated Glass + Concrete Block (Coarse),0.319,3.0,0.478,
HD-Urban-V0,"3Bed
",64.25,0.377,3.717,0.806568,9,Door,Hollow-Core Wood Door + Concrete Block (Painted),0.413,3.0,0.485,
HD-Urban-V1,"3Bed
",56.88,0.303,0.18,0.600871,9,Wall,Plaster on Masonry,0.02,3.0,0.348,
HD-Urban-V1,"3Bed
",55.8,0.321,4.14,0.811765,9,Wall,Concrete Block (Painted),0.46,3.0,0.325,
GreenEdge-V3,"3Bed
",41.29,0.161,0.36,0.678689,9,Wall,Plaster with Wallpaper Backing,0.04,3.0,0.372,7.146832
Roadside-V2,"3Bed
",62.99,0.434,0.9,0.708558,9,Floor,Wood Flooring on Joists,0.1,3.0,0.372,5.383629
Ind-Zone-V0,"3Bed
",80.75,0.536,2.7,0.715202,9,Floor,Thin Carpet on Wood,0.3,3.0,0.241,5.313629
Roadside-V2,"3Bed
",60.32,0.366,1.8,0.656399,9,Ceiling,50mm Mineral Wool Behind 25% Open Area Perforated Steel,0.2,3.0,0.421,8.490558
HD-Urban-V0,"3Bed
",60.93,0.414,0.09,0.974773,9,Ceiling,"Plaster (Gypsum or Lime, on Masonry)",0.01,3.0,0.466,8.074558
HD-Urban-V0,"3Bed
",64.2,0.39,2.889,0.867925,9,Door,Plywood Door + Concrete Block (Coarse),0.321,3.0,0.5,6.682313
Ind-Zone-V0,"3Bed
",77.75,0.541,0.36,0.635109,9,Wall,Plaster with Wallpaper Backing,0.04,3.0,0.331,8.269622
HD-Urban-V1,"3Bed
",57.61,0.324,0.09,0.60438,9,Wall,Painted Brick,0.01,3.0,0.423,8.538622
HD-Urban-V1,"3Bed
",59.94,0.347,0.09,0.616596,9,Wall,Painted Brick,0.01,3.0,0.471,7.439525
HD-Urban-V0,1Bed,61.43,0.396,3.24,0.321863,9,Wall,Concrete Block (Coarse),0.36,3.0,0.31,6.418838
MD-Urban-V2,1Bed,54.8,0.33,1.35,0.718922,9,Wall,Wood Paneling,0.15,3.0,0.476,4.244659
Roadside-V1,1Bed,71.72,0.452,0.27,0.669599,9,Floor,Vinyl Tile,0.03,3.0,0.483,3.933936
HD-Urban-V1,1Bed,57.27,0.314,0.09,0.510423,9,Floor,Marble,0.01,3.0,0.283,7.146832
GreenEdge-V3,1Bed,46.09,0.265,4.59,0.35432,9,Ceiling,Underlay in Perforated Metal Panels (25mm Batts),0.51,3.0,0.309,5.383629
Roadside-V2,1Bed,62.88,0.384,6.57,0.360265,9,Ceiling,"Metal Deck (Perforated Channels, 75mm Batts)",0.73,3.0,0.327,5.313629
Roadside-V2,1Bed,61.97,0.401,2.151,0.306254,9,Window,Wired Glass + Concrete Block (Coarse),0.239,3.0,0.495,8.490558
HD-Urban-V0,1Bed,64.25,0.447,0.792,0.466103,9,Window,Laminated Glass + Gypsum Board,0.088,3.0,0.467,8.074558
HD-Urban-V0,"2Bed
",61.43,0.396,0.144,0.473297,9,Door,Sliding Wood Door + Painted Brick,0.016,3.0,0.307,6.682313
MD-Urban-V2,"2Bed
",54.8,0.33,0.27,0.458798,9,Wall,Unpainted Brick,0.03,3.0,0.399,8.269622
Roadside-V1,"2Bed
",71.72,0.499,4.5,0.699493,9,Wall,Acoustic Plaster,0.5,3.0,0.309,8.538622
HD-Urban-V1,"2Bed
",57.27,0.354,1.35,0.56857,9,Wall,Wood Paneling,0.15,3.0,0.401,7.439525
GreenEdge-V3,"2Bed
",46.09,0.184,0.09,1.205993,9,Floor,Marble,0.01,3.0,0.945,6.418838
Roadside-V2,"2Bed
",62.88,0.352,2.25,0.625243,9,Floor,Thin Carpet on Concrete,0.25,3.0,0.997,4.244659
Roadside-V2,"2Bed
",61.97,0.424,3.6,0.692721,9,Ceiling,"Plywood, 5mm, on Battens with 50mm Airspace Filled with Glass Wool",0.4,3.0,0.981,3.933936
HD-Urban-V0,"2Bed
",64.25,0.39,0.9,0.547774,9,Ceiling,Sprayed Cellulose Fiber (32mm on Solid Backing),0.1,3.0,0.875,7.146832
HD-Urban-V1,"2Bed
",56.88,0.332,3.753,0.529896,9,Window,Wired Glass + Fiberglass Board,0.417,3.0,0.957,5.383629
HD-Urban-V1,"2Bed
",55.8,0.306,3.375,0.913475,9,Window,Glass Block + Acoustic Plaster,0.375,3.0,0.89,5.313629
GreenEdge-V3,"2Bed
",41.29,0.161,5.634,0.652482,9,Door,Steel Door with Acoustic Treatment + Fiberglass Board,0.626,3.0,0.988,8.490558
Roadside-V2,"2Bed
",62.99,0.378,5.85,0.769415,9,Wall,Fiberglass Board,0.65,3.0,0.805,8.074558
Ind-Zone-V0,"2Bed
",80.75,0.555,0.09,0.663918,9,Wall,Painted Brick,0.01,3.0,0.868,6.682313
Roadside-V2,"2Bed
",60.32,0.351,0.45,0.807692,9,Wall,Gypsum Board,0.05,3.0,0.993,8.269622
HD-Urban-V0,"2Bed
",60.93,0.414,4.5,0.857143,9,Floor,Thick Pile Carpet,0.5,3.0,0.975,8.538622
HD-Urban-V0,"2Bed
",64.2,0.447,2.7,0.523152,9,Floor,Thin Carpet on Wood,0.3,3.0,0.805,7.439525
Ind-Zone-V0,"2Bed
",77.75,0.582,3.6,0.888276,9,Ceiling,Plywood 12mm Thick Perforated 5mm Diameter Holes with 60mm Thick Fibreglass Between Mounting Battens,0.4,3.0,0.984,6.418838
HD-Urban-V1,"2Bed
",57.61,0.381,6.57,1.109707,9,Ceiling,"Metal Deck (Perforated Channels, 75mm Batts)",0.73,3.0,0.994,4.244659
HD-Urban-V1,"2Bed
",59.94,0.404,0.162,0.604884,9,Window,Insulated Glazing Unit + Painted Brick,0.018,3.0,0.94,3.933936
HD-Urban-V0,"2Bed
",60.47,0.409,3.546,0.557576,9,Window,Laminated Glass + Concrete Block (Painted),0.394,3.0,0.963,8.182501
GreenEdge-V3,"2Bed
",47.87,0.283,1.746,0.908322,9,Door,Acoustic Door + Wood Paneling,0.194,3.0,0.913,5.163922
Roadside-V1,"2Bed
",68.3,0.488,3.24,0.752336,9,Wall,Concrete Block (Coarse),0.36,3.0,0.898,5.192922
GreenEdge-V3,"2Bed
",41.67,0.221,1.35,0.750291,9,Wall,Wood Paneling,0.15,3.0,0.985,4.966058
HD-Urban-V1,"2Bed
",58.9,0.394,3.24,0.51424,9,Wall,Concrete Block (Coarse),0.36,3.0,0.981,5.288058
HD-Urban-V0,"2Bed
",64.38,0.448,2.7,0.583686,9,Floor,Thin Carpet on Wood,0.3,3.0,0.779,6.623069
Ind-Zone-V0,"2Bed
",78.68,0.591,0.09,0.834918,9,Floor,Marble,0.01,3.0,0.984,8.283992
HD-Urban-V0,"3Bed
",61.43,0.396,0.9,0.654619,9,Ceiling,Sprayed Cellulose Fiber (32mm on Solid Backing),0.1,3.0,0.805,8.303992
MD-Urban-V2,"3Bed
",54.8,0.33,6.3,0.54443,9,Ceiling,Sprayed Cellulose Fiber (75mm on Solid Backing),0.7,3.0,0.979,7.407259
Roadside-V1,"3Bed
",71.72,0.499,0.306,1.161989,9,Window,Glazed Ceramic Tile + Gypsum Board,0.034,3.0,0.805,8.492923
HD-Urban-V1,"3Bed
",57.27,0.354,0.747,1.094411,9,Door,Steel Door with Acoustic Treatment + Painted Brick,0.083,3.0,0.975,6.536387
GreenEdge-V3,"3Bed
",46.09,0.196,0.45,0.778614,9,Wall,Gypsum Board,0.05,3.0,0.963,6.225664
Roadside-V2,"3Bed
",62.88,0.363,0.27,0.670678,9,Wall,Unpainted Brick,0.03,3.0,0.917,8.182501
Roadside-V2,"3Bed
",61.97,0.354,3.24,0.817489,9,Wall,Concrete Block (Coarse),0.36,3.0,0.908,5.163922
HD-Urban-V0,"3Bed
",64.25,0.377,0.45,0.806568,9,Wall,Gypsum Board,0.05,3.0,0.805,5.192922
HD-Urban-V1,"3Bed
",56.88,0.303,4.5,0.600871,9,Floor,Thick Pile Carpet,0.5,3.0,0.978,4.966058
HD-Urban-V1,"3Bed
",55.8,0.321,0.63,0.811765,9,Floor,Wood Parquet,0.07,3.0,0.844,5.288058
GreenEdge-V3,"3Bed
",41.29,0.161,0.9,0.678689,9,Ceiling,"Wood Panels, 18mm Alternate 15mm Slot & 35mm Wooden Slat with 25mm Rockwool Backing",0.1,3.0,0.991,6.623069
Roadside-V2,"3Bed
",62.99,0.434,2.7,0.708558,9,Ceiling,"50mm Woodwool Slabs on 25mm Cavity, Pre-Screeded Surface Facing Cavity",0.3,3.0,0.977,8.283992
Ind-Zone-V0,"3Bed
",80.75,0.536,3.582,0.715202,9,Door,Sliding Wood Door + Concrete Block (Painted),0.398,3.0,0.868,8.303992
Roadside-V2,"3Bed
",60.32,0.366,1.35,0.656399,9,Wall,Wood Paneling,0.15,3.0,0.984,7.407259
HD-Urban-V0,"3Bed
",60.93,0.414,3.24,0.974773,9,Wall,Concrete Block (Coarse),0.36,3.0,0.988,8.492923
HD-Urban-V0,"3Bed
",64.2,0.39,5.85,0.867925,9,Wall,Fiberglass Board,0.65,3.0,0.993,6.536387
Ind-Zone-V0,"3Bed
",77.75,0.541,4.5,0.635109,9,Wall,Acoustic Plaster,0.5,3.0,0.984,6.225664
HD-Urban-V1,"3Bed
",57.61,0.324,5.85,0.60438,9,Wall,Fiberglass Board,0.65,3.0,0.975,8.182501
HD-Urban-V1,"3Bed
",59.94,0.347,4.5,0.616596,9,Floor,Medium Pile Carpet,0.5,3.0,0.975,5.163922
HD-Urban-V0,1Bed,61.43,0.396,0.09,0.321863,9,Floor,Marble,0.01,3.0,0.994,5.192922
MD-Urban-V2,1Bed,54.8,0.33,4.05,0.718922,9,Ceiling,"Gypsum Plaster Tiles, 17% Perforated, 22mm",0.45,3.0,0.94,4.966058
Roadside-V1,1Bed,71.72,0.452,1.8,0.669599,9,Ceiling,"Plaster Decorative Panels, Ceilings",0.2,3.0,0.402,5.288058
HD-Urban-V1,1Bed,57.27,0.314,0.135,0.510423,9,Window,Small Pane Glass + Painted Brick,0.015,3.0,0.499,6.623069
GreenEdge-V3,1Bed,46.09,0.265,0.315,0.35432,9,Door,Solid Wood Door + Unpainted Brick,0.035,3.0,0.488,8.283992
Roadside-V2,1Bed,62.88,0.384,0.18,0.360265,9,Wall,Plaster on Masonry,0.02,3.0,0.492,8.303992
Roadside-V2,1Bed,61.97,0.401,5.85,0.306254,9,Wall,Fiberglass Board,0.65,3.0,0.254,7.407259
HD-Urban-V0,1Bed,64.25,0.447,4.14,0.466103,9,Wall,Concrete Block (Painted),0.46,3.0,0.241,8.492923
HD-Urban-V0,"2Bed
",61.43,0.396,0.36,0.473297,9,Wall,Plaster with Wallpaper Backing,0.04,3.0,0.466,6.536387
MD-Urban-V2,"2Bed
",54.8,0.33,2.25,0.458798,9,Floor,Thin Carpet on Concrete,0.25,3.0,0.309,6.225664
Roadside-V1,"2Bed
",71.72,0.499,1.35,0.699493,9,Floor,Cork Floor Tiles,0.15,3.0,0.326,8.182501
HD-Urban-V1,"2Bed
",57.27,0.354,3.6,0.56857,9,Ceiling,"Plywood, 5mm, on Battens with 50mm Airspace Filled with Glass Wool",0.4,3.0,0.487,5.163922
GreenEdge-V3,"2Bed
",46.09,0.184,2.25,1.205993,9,Ceiling,"Plasterboard 10mm Thick, Perforated 8mm Diameter Holes with 25mm Bitumen-Bonded Fibreglass",0.25,3.0,0.476,5.192922
Roadside-V2,"2Bed
",62.88,0.352,0.306,0.625243,9,Window,Large Pane Glass + Unpainted Brick,0.034,3.0,0.399,4.966058
Roadside-V2,"2Bed
",61.97,0.424,0.333,0.692721,9,Window,Small Pane Glass + Plaster with Wallpaper Backing,0.037,3.0,0.48,5.288058
HD-Urban-V0,"2Bed
",64.25,0.39,5.166,0.547774,9,Door,Hollow-Core Wood Door + Fiberglass Board,0.574,3.0,0.466,6.623069
HD-Urban-V1,"2Bed
",56.88,0.332,0.45,0.529896,9,Wall,Gypsum Board,0.05,3.0,0.444,8.283992
HD-Urban-V1,"2Bed
",55.8,0.306,0.09,0.913475,9,Wall,Painted Brick,0.01,3.0,0.205,8.303992
GreenEdge-V3,"2Bed
",41.29,0.161,3.24,0.652482,9,Wall,Concrete Block (Coarse),0.36,3.0,0.498,7.407259
Roadside-V2,"2Bed
",62.99,0.378,2.7,0.769415,9,Floor,Thin Carpet on Wood,0.3,3.0,0.466,8.492923
Ind-Zone-V0,"2Bed
",80.75,0.555,0.63,0.663918,9,Floor,Wood Parquet,0.07,3.0,0.345,6.536387
Roadside-V2,"2Bed
",60.32,0.351,2.16,0.807692,9,Ceiling,Wood Tongue-and-Groove Roof Decking,0.24,3.0,0.842,6.225664
HD-Urban-V0,"2Bed
",60.93,0.414,4.05,0.857143,9,Ceiling,"12% Perforated Plaster Tiles with Absorbent Felt, 200mm Ceiling Void",0.45,3.0,0.896,8.182501
HD-Urban-V0,"2Bed
",64.2,0.447,2.511,0.523152,9,Window,Large Pane Glass + Concrete Block (Coarse),0.279,3.0,0.851,5.163922
Ind-Zone-V0,"2Bed
",77.75,0.582,3.717,0.888276,9,Door,Hollow-Core Wood Door + Concrete Block (Painted),0.413,3.0,0.778,5.192922
HD-Urban-V1,"2Bed
",57.61,0.381,4.14,1.109707,9,Wall,Concrete Block (Painted),0.46,3.0,0.868,4.966058
HD-Urban-V1,"2Bed
",59.94,0.404,1.35,0.604884,9,Wall,Wood Paneling,0.15,3.0,0.823,5.288058
HD-Urban-V0,"2Bed
",60.47,0.409,4.5,0.557576,9,Wall,Acoustic Plaster,0.5,3.0,0.805,6.623069
GreenEdge-V3,"2Bed
",47.87,0.283,1.35,0.908322,9,Wall,Wood Paneling,0.15,3.0,0.993,8.283992
Roadside-V1,"2Bed
",68.3,0.488,0.9,0.752336,9,Floor,Wood Flooring on Joists,0.1,3.0,0.984,8.303992
GreenEdge-V3,"2Bed
",41.67,0.221,0.09,0.750291,9,Floor,Terrazzo,0.01,3.0,0.975,7.407259
HD-Urban-V1,"2Bed
",58.9,0.394,2.7,0.51424,9,Ceiling,"50mm Woodwool Slabs on 25mm Cavity, Pre-Screeded Surface Facing Cavity",0.3,3.0,0.805,8.492923
HD-Urban-V0,"2Bed
",64.38,0.448,1.26,0.583686,9,Ceiling,"Plaster (Gypsum or Lime, Rough Finish or Timber Lath)",0.14,3.0,0.917,6.536387
Ind-Zone-V0,"2Bed
",78.68,0.591,0.567,0.834918,9,Window,Single Pane Glass + Plaster with Wallpaper Backing,0.063,3.0,0.984,6.225664
HD-Urban-V0,"3Bed
",61.43,0.396,3.582,0.654619,9,Door,Sliding Wood Door + Concrete Block (Painted),0.398,3.0,0.922,8.182501
MD-Urban-V2,"3Bed
",54.8,0.33,4.14,0.54443,9,Wall,Concrete Block (Painted),0.46,3.0,0.895,5.163922
Roadside-V1,"3Bed
",71.72,0.499,0.27,1.161989,9,Wall,Unpainted Brick,0.03,3.0,0.94,5.192922
HD-Urban-V1,"3Bed
",57.27,0.354,1.35,1.094411,9,Wall,Wood Paneling,0.15,3.0,0.895,4.966058
GreenEdge-V3,"3Bed
",46.09,0.196,5.85,0.778614,9,Wall,Fiberglass Board,0.65,3.0,0.98,5.288058
Roadside-V2,"3Bed
",62.88,0.363,0.9,0.670678,9,Floor,Wood Flooring on Joists,0.1,3.0,0.98,6.623069
Roadside-V2,"3Bed
",61.97,0.354,2.25,0.817489,9,Floor,Thin Carpet on Concrete,0.25,3.0,0.981,8.283992
HD-Urban-V0,"3Bed
",64.25,0.377,2.7,0.806568,9,Ceiling,Plasterboard 10mm Thick Backed with 25mm Thick Bitumen,0.3,3.0,0.791,8.303992
HD-Urban-V1,"3Bed
",56.88,0.303,1.8,0.600871,9,Ceiling,50mm Mineral Wool Behind 25% Open Area Perforated Steel,0.2,3.0,0.981,7.407259
HD-Urban-V1,"3Bed
",55.8,0.321,0.135,0.811765,9,Window,Small Pane Glass + Painted Brick,0.015,3.0,0.984,8.492923
GreenEdge-V3,"3Bed
",41.29,0.161,2.799,0.678689,9,Door,Single Pane Glass Door + Concrete Block (Coarse),0.311,3.0,0.868,6.536387
Roadside-V2,"3Bed
",62.99,0.434,3.24,0.708558,9,Wall,Concrete Block (Coarse),0.36,3.0,0.993,6.225664
Ind-Zone-V0,"3Bed
",80.75,0.536,0.18,0.715202,9,Wall,Plaster on Masonry,0.02,3.0,0.993,8.182501
Roadside-V2,"3Bed
",60.32,0.366,5.85,0.656399,9,Wall,Fiberglass Board,0.65,3.0,0.963,5.163922
HD-Urban-V0,"3Bed
",60.93,0.414,4.14,0.974773,9,Wall,Concrete Block (Painted),0.46,3.0,0.998,5.192922
HD-Urban-V0,"3Bed
",64.2,0.39,0.09,0.867925,9,Floor,Terrazzo,0.01,3.0,0.985,4.966058
Ind-Zone-V0,"3Bed
",77.75,0.541,4.5,0.635109,9,Floor,Thick Pile Carpet,0.5,3.0,0.975,5.288058
HD-Urban-V1,"3Bed
",57.61,0.324,0.09,0.60438,9,Ceiling,"Plaster (Gypsum or Lime, on Masonry)",0.01,3.0,0.895,6.623069
HD-Urban-V1,"3Bed
",59.94,0.347,2.25,0.616596,9,Ceiling,"Plasterboard 10mm Thick, Perforated 8mm Diameter Holes with 25mm Bitumen-Bonded Fibreglass",0.25,3.0,0.828,8.283992
HD-Urban-V0,1Bed,61.43,0.396,2.871,0.321863,9,Window,Laminated Glass + Concrete Block (Coarse),0.319,3.0,0.997,8.303992
MD-Urban-V2,1Bed,54.8,0.33,5.238,0.718922,9,Door,Laminated Glass Door + Fiberglass Board,0.582,3.0,0.967,7.407259
Roadside-V1,1Bed,71.72,0.452,0.18,0.669599,9,Wall,Plaster on Masonry,0.02,3.0,0.985,8.492923
HD-Urban-V1,1Bed,57.27,0.314,0.27,0.510423,9,Wall,Unpainted Brick,0.03,3.0,0.975,6.536387
GreenEdge-V3,1Bed,46.09,0.265,1.35,0.35432,9,Wall,Wood Paneling,0.15,3.0,0.984,6.225664
Roadside-V2,1Bed,62.88,0.384,0.18,0.360265,9,Wall,Plaster on Masonry,0.02,3.0,0.99,8.182501
Roadside-V2,1Bed,61.97,0.401,0.09,0.306254,9,Floor,Marble,0.01,3.0,0.973,5.163922
HD-Urban-V0,1Bed,64.25,0.447,2.25,0.466103,9,Floor,Thin Carpet on Concrete,0.25,3.0,0.837,5.192922
HD-Urban-V0,"2Bed
",61.43,0.396,0.54,0.473297,9,Ceiling,"Mineral Wool Tiles, Glued/Screwed to Soffit",0.06,3.0,0.993,4.966058
MD-Urban-V2,"2Bed
",54.8,0.33,0.09,0.458798,9,Ceiling,"Plaster (Gypsum or Lime, on Masonry)",0.01,3.0,0.805,5.288058
Roadside-V1,"2Bed
",71.72,0.499,0.423,0.699493,9,Door,Laminated Glass Door + Plaster on Masonry,0.047,3.0,0.488,6.623069
HD-Urban-V1,"2Bed
",57.27,0.354,0.27,0.56857,9,Wall,Unpainted Brick,0.03,3.0,0.491,8.283992
GreenEdge-V3,"2Bed
",46.09,0.184,4.5,1.205993,9,Wall,Acoustic Plaster,0.5,3.0,0.242,8.303992
Roadside-V2,"2Bed
",62.88,0.352,4.14,0.625243,9,Wall,Concrete Block (Painted),0.46,3.0,0.478,7.407259
Roadside-V2,"2Bed
",61.97,0.424,0.18,0.692721,9,Wall,Plaster on Masonry,0.02,3.0,0.308,8.492923
HD-Urban-V0,"2Bed
",64.25,0.39,4.5,0.547774,9,Wall,Acoustic Plaster,0.5,3.0,0.309,6.536387
HD-Urban-V1,"2Bed
",56.88,0.332,0.09,0.529896,9,Floor,Terrazzo,0.01,3.0,0.479,6.225664
HD-Urban-V1,"2Bed
",55.8,0.306,2.7,0.913475,9,Floor,Thin Carpet on Wood,0.3,3.0,0.399,8.182501
GreenEdge-V3,"2Bed
",41.29,0.161,4.05,0.652482,9,Ceiling,"Gypsum Plaster Tiles, 17% Perforated, 22mm",0.45,3.0,0.8,5.163922
Roadside-V2,"2Bed
",62.99,0.378,2.43,0.769415,9,Ceiling,"Hardboard, 25% Perforated Over 50mm Mineral Wool",0.27,3.0,0.828,5.192922
Ind-Zone-V0,"2Bed
",80.75,0.555,1.026,0.663918,9,Window,Glass Block + Wood Paneling,0.114,3.0,0.872,4.966058
Roadside-V2,"2Bed
",60.32,0.351,0.324,0.807692,9,Window,Small Pane Glass + Plaster with Wallpaper Backing,0.036,3.0,0.859,5.288058
HD-Urban-V0,"2Bed
",60.93,0.414,0.162,0.857143,9,Window,Insulated Glazing Unit + Painted Brick,0.018,3.0,0.989,6.623069
HD-Urban-V0,"2Bed
",64.2,0.447,5.166,0.523152,9,Door,Hollow-Core Wood Door + Fiberglass Board,0.574,3.0,0.963,8.283992
Ind-Zone-V0,"2Bed
",77.75,0.582,0.36,0.888276,9,Wall,Plaster with Wallpaper Backing,0.04,3.0,0.979,8.303992
HD-Urban-V1,"2Bed
",57.61,0.381,4.14,1.109707,9,Wall,Concrete Block (Painted),0.46,3.0,0.975,7.407259
HD-Urban-V1,"2Bed
",59.94,0.404,0.18,0.604884,9,Wall,Plaster on Masonry,0.02,3.0,0.975,8.492923
HD-Urban-V0,"2Bed
",60.47,0.409,0.09,0.557576,9,Wall,Painted Brick,0.01,3.0,0.998,6.536387
GreenEdge-V3,"2Bed
",47.87,0.283,0.09,0.908322,9,Floor,Marble,0.01,3.0,0.975,6.225664
Roadside-V1,"2Bed
",68.3,0.488,0.9,0.752336,9,Floor,Wood Flooring on Joists,0.1,3.0,0.895,
GreenEdge-V3,"2Bed
",41.67,0.221,4.5,0.750291,9,Floor,Thick Pile Carpet,0.5,3.0,0.994,
HD-Urban-V1,"2Bed
",58.9,0.394,1.35,0.51424,9,Ceiling,"75mm Woodwool Fixed Directly to Concrete, Pre-Screeded Surface Facing Backing",0.15,3.0,0.861,
HD-Urban-V0,"2Bed
",64.38,0.448,1.8,0.583686,9,Ceiling,Plywood 12mm Thick Perforated 5mm Diameter Holes with 60mm Deep Air Space Behind,0.2,3.0,0.999,
Ind-Zone-V0,"2Bed
",78.68,0.591,6.57,0.834918,9,Ceiling,"Metal Deck (Perforated Channels, 75mm Batts)",0.73,3.0,0.979,
HD-Urban-V0,"3Bed
",61.43,0.396,0.378,0.654619,9,Window,Small Pane Glass + Gypsum Board,0.042,3.0,0.805,
MD-Urban-V2,"3Bed
",54.8,0.33,0.252,0.54443,9,Window,Wired Glass + Plaster on Masonry,0.028,3.0,0.979,
Roadside-V1,"3Bed
",71.72,0.499,0.09,1.161989,9,Window,Glass Block + Painted Brick,0.01,3.0,0.975,
HD-Urban-V1,"3Bed
",57.27,0.354,0.459,1.094411,9,Window,Single Pane Glass + Plaster on Masonry,0.051,3.0,0.975,
GreenEdge-V3,"3Bed
",46.09,0.196,0.909,0.778614,9,Door,Acoustic Door + Plaster with Wallpaper Backing,0.101,3.0,0.917,
Roadside-V2,"3Bed
",62.88,0.363,0.09,0.670678,9,Wall,Painted Brick,0.01,3.0,0.967,
Roadside-V2,"3Bed
",61.97,0.354,0.27,0.817489,9,Wall,Unpainted Brick,0.03,3.0,0.997,
HD-Urban-V0,"3Bed
",64.25,0.377,4.5,0.806568,9,Wall,Acoustic Plaster,0.5,3.0,0.823,
HD-Urban-V1,"3Bed
",56.88,0.303,4.5,0.600871,9,Floor,Medium Pile Carpet,0.5,3.0,0.988,
HD-Urban-V1,"3Bed
",55.8,0.321,0.09,0.811765,9,Floor,Marble,0.01,3.0,0.868,
GreenEdge-V3,"3Bed
",41.29,0.161,4.5,0.678689,9,Floor,Thick Pile Carpet,0.5,3.0,0.805,
Roadside-V2,"3Bed
",62.99,0.434,2.43,0.708558,9,Ceiling,"Hardboard, 25% Perforated Over 50mm Mineral Wool",0.27,3.0,0.993,
Ind-Zone-V0,"3Bed
",80.75,0.536,4.5,0.715202,9,Ceiling,"100mm Woodwool Slabs on 25mm Cavity, Pre-Screeded Surface Facing Cavity",0.5,3.0,0.963,
Roadside-V2,"3Bed
",60.32,0.366,0.72,0.656399,9,Ceiling,Sprayed Cellulose Fiber (25mm on Solid Backing),0.08,3.0,0.975,
HD-Urban-V0,"3Bed
",60.93,0.414,1.125,0.974773,9,Window,Wired Glass + Wood Paneling,0.125,3.0,0.997,
HD-Urban-V0,"3Bed
",64.2,0.39,0.324,0.867925,9,Window,Insulated Glazing Unit + Plaster with Wallpaper Backing,0.036,3.0,0.31,
Ind-Zone-V0,"3Bed
",77.75,0.541,2.088,0.635109,9,Window,Insulated Glazing Unit + Concrete Block (Coarse),0.232,3.0,0.478,
HD-Urban-V1,"3Bed
",57.61,0.324,4.023,0.60438,9,Door,Hollow-Core Wood Door + Acoustic Plaster,0.447,3.0,0.485,
HD-Urban-V1,"3Bed
",59.94,0.347,3.24,0.616596,9,Wall,Concrete Block (Coarse),0.36,3.0,0.348,
HD-Urban-V0,1Bed,61.43,0.396,0.18,0.879187,9,Wall,Plaster on Masonry,0.02,3.0,0.895,6.208399
MD-Urban-V2,1Bed,54.8,0.33,0.09,0.429243,9,Floor,Marble,0.01,3.0,0.828,7.222009
Roadside-V1,1Bed,71.72,0.499,0.27,0.371912,9,Floor,Vinyl Tile,0.03,3.0,0.997,7.361009
HD-Urban-V1,1Bed,57.27,0.354,4.5,0.479755,9,Floor,Medium Pile Carpet,0.5,3.0,0.967,7.339009
GreenEdge-V3,1Bed,46.09,0.202,2.25,0.419733,9,Ceiling,"100mm Woodwool Fixed Directly to Concrete, Pre-Screeded Surface Facing Backing",0.25,3.0,0.985,7.619267
Roadside-V2,1Bed,62.88,0.363,3.6,0.592051,9,Ceiling,"Plywood, 5mm, on Battens with 50mm Airspace Filled with Glass Wool",0.4,3.0,0.975,7.758267
Roadside-V2,1Bed,61.97,0.354,4.23,0.759015,9,Ceiling,Sprayed Cellulose Fiber (25mm on Timber Lath),0.47,3.0,0.984,7.736267
HD-Urban-V0,1Bed,64.25,0.377,0.135,0.299977,9,Window,Small Pane Glass + Painted Brick,0.015,3.0,0.99,7.532732
HD-Urban-V1,1Bed,56.88,0.373,0.09,0.30635,9,Window,Glazed Ceramic Tile + Painted Brick,0.01,3.0,0.973,7.671732
HD-Urban-V1,1Bed,55.8,0.363,0.972,0.33124,9,Window,Laminated Glass + Gypsum Board,0.108,3.0,0.837,7.649732
GreenEdge-V3,1Bed,41.29,0.217,4.293,0.455123,9,Door,Fire-Rated Door with Mineral Core + Acoustic Plaster,0.477,3.0,0.993,7.471807
Roadside-V2,1Bed,62.99,0.411,0.36,0.462974,9,Wall,Plaster with Wallpaper Backing,0.04,3.0,0.805,7.610807
Ind-Zone-V0,1Bed,80.75,0.612,0.09,0.504031,9,Wall,Painted Brick,0.01,3.0,0.488,7.588807
Roadside-V2,1Bed,60.32,0.408,0.09,0.3572,9,Wall,Painted Brick,0.01,3.0,0.491,7.222009
HD-Urban-V0,1Bed,60.93,0.414,0.27,0.497286,9,Wall,Unpainted Brick,0.03,3.0,0.242,7.361009
HD-Urban-V0,1Bed,64.2,0.447,0.09,0.380404,9,Floor,Marble,0.01,3.0,0.478,7.339009
HD-Urban-V0,"2Bed
",61.43,0.396,1.35,0.800995,9,Floor,Cork Floor Tiles,0.15,3.0,0.308,7.222009
MD-Urban-V2,"2Bed
",54.8,0.33,2.25,0.96988,9,Floor,Thin Carpet on Concrete,0.25,3.0,0.309,7.361009
Roadside-V1,"2Bed
",71.72,0.499,4.5,0.807355,9,Ceiling,"100mm Woodwool Slabs on 25mm Cavity, Pre-Screeded Surface Facing Cavity",0.5,3.0,0.479,7.339009
HD-Urban-V1,"2Bed
",57.27,0.354,0.45,0.587234,9,Ceiling,Sprayed Cellulose Fiber (16mm on Solid Backing),0.05,3.0,0.399,7.222009
GreenEdge-V3,"2Bed
",46.09,0.242,1.8,0.976251,9,Ceiling,50mm Mineral Wool Behind 25% Open Area Perforated Steel,0.2,3.0,0.8,7.361009
Roadside-V2,"2Bed
",62.88,0.363,0.207,0.750583,9,Window,Small Pane Glass + Plaster on Masonry,0.023,3.0,0.828,7.339009
Roadside-V2,"2Bed
",61.97,0.354,0.864,1.140496,9,Window,Laminated Glass + Unpainted Brick,0.096,3.0,0.872,7.610349
HD-Urban-V0,"2Bed
",64.25,0.424,3.231,0.49248,9,Window,Laminated Glass + Concrete Block (Painted),0.359,3.0,0.859,7.749349
HD-Urban-V1,"2Bed
",56.88,0.303,1.818,0.76063,9,Door,Steel Door with Acoustic Treatment + Wood Paneling,0.202,3.0,0.989,7.727349
HD-Urban-V1,"2Bed
",55.8,0.293,4.14,0.570248,9,Wall,Concrete Block (Painted),0.46,3.0,0.963,7.471807
GreenEdge-V3,"2Bed
",41.29,0.148,0.09,0.573464,9,Wall,Painted Brick,0.01,3.0,0.979,7.610807
Roadside-V2,"2Bed
",62.99,0.434,3.24,1.07933,9,Wall,Concrete Block (Coarse),0.36,3.0,0.975,7.588807
Ind-Zone-V0,"2Bed
",80.75,0.542,1.35,0.7,9,Wall,Wood Paneling,0.15,3.0,0.975,7.222009
Roadside-V2,"2Bed
",60.32,0.385,0.27,0.790184,9,Floor,Vinyl Tile,0.03,3.0,0.998,7.361009
HD-Urban-V0,"2Bed
",60.93,0.391,4.5,0.951256,9,Floor,Medium Pile Carpet,0.5,3.0,0.975,7.339009
HD-Urban-V0,"2Bed
",64.2,0.424,1.35,0.617845,9,Floor,Cork Floor Tiles,0.15,3.0,0.895,3.862371
Ind-Zone-V0,"2Bed
",77.75,0.582,4.23,0.582981,9,Ceiling,Sprayed Cellulose Fiber (25mm on Timber Lath),0.47,3.0,0.994,6.996149
HD-Urban-V1,"2Bed
",57.61,0.381,4.23,0.620026,9,Ceiling,Sprayed Cellulose Fiber (25mm on Timber Lath),0.47,3.0,0.861,7.452786
HD-Urban-V1,"2Bed
",59.94,0.404,6.3,0.58777,9,Ceiling,Sprayed Cellulose Fiber (75mm on Solid Backing),0.7,3.0,0.999,7.044678
HD-Urban-V0,"3Bed
",61.43,0.396,0.432,0.877916,9,Window,Single Pane Glass + Unpainted Brick,0.048,3.0,0.979,6.604678
MD-Urban-V2,"3Bed
",54.8,0.33,2.925,0.648612,9,Window,Wired Glass + Acoustic Plaster,0.325,3.0,0.805,6.851678
Roadside-V1,"3Bed
",71.72,0.452,1.179,0.722333,9,Window,Single Pane Glass + Wood Paneling,0.131,3.0,0.979,7.335983
HD-Urban-V1,"3Bed
",57.27,0.307,0.378,0.643428,9,Door,Sliding Wood Door + Plaster with Wallpaper Backing,0.042,3.0,0.975,5.768596
GreenEdge-V3,"3Bed
",46.09,0.196,4.14,0.676471,9,Wall,Concrete Block (Painted),0.46,3.0,0.975,5.619596
Roadside-V2,"3Bed
",62.88,0.41,4.14,1.176614,9,Wall,Concrete Block (Painted),0.46,3.0,0.917,4.608424
Roadside-V2,"3Bed
",61.97,0.354,4.14,0.742886,9,Wall,Concrete Block (Painted),0.46,3.0,0.967,4.649424
HD-Urban-V0,"3Bed
",64.25,0.424,0.18,1.359287,9,Wall,Plaster on Masonry,0.02,3.0,0.997,4.949424
HD-Urban-V1,"3Bed
",56.88,0.303,4.5,0.708211,9,Floor,Thick Pile Carpet,0.5,3.0,0.823,8.988655
HD-Urban-V1,"3Bed
",55.8,0.293,2.7,0.472449,9,Floor,Thin Carpet on Wood,0.3,3.0,0.988,8.617655
GreenEdge-V3,"3Bed
",41.29,0.194,0.09,1.051524,9,Floor,Terrazzo,0.01,3.0,0.868,8.969757
Roadside-V2,"3Bed
",62.99,0.365,1.26,0.725407,9,Ceiling,"Plaster (Gypsum or Lime, Rough Finish or Timber Lath)",0.14,3.0,0.805,8.208928
Ind-Zone-V0,"3Bed
",80.75,0.589,2.16,0.5796,9,Ceiling,Wood Tongue-and-Groove Roof Decking,0.24,3.0,0.993,6.959248
Roadside-V2,"3Bed
",60.32,0.385,2.16,1.368272,9,Ceiling,Wood Tongue-and-Groove Roof Decking,0.24,3.0,0.963,7.424248
HD-Urban-V0,"3Bed
",60.93,0.344,0.225,0.880049,9,Window,Glass Block + Unpainted Brick,0.025,3.0,0.975,6.757585
HD-Urban-V0,"3Bed
",64.2,0.39,0.306,0.63,9,Window,Glazed Ceramic Tile + Gypsum Board,0.034,3.0,0.997,6.715585
Ind-Zone-V0,"3Bed
",77.75,0.525,1.458,0.651822,9,Window,Double Pane Glass + Wood Paneling,0.162,3.0,0.31,5.948691
HD-Urban-V1,"3Bed
",57.61,0.324,3.717,0.749806,9,Door,Hollow-Core Wood Door + Concrete Block (Painted),0.413,3.0,0.478,7.799344
HD-Urban-V1,"3Bed
",59.94,0.347,0.09,0.824936,9,Wall,Painted Brick,0.01,3.0,0.485,6.091399
HD-Urban-V0,"3Bed
",60.47,0.352,4.14,0.854363,9,Wall,Concrete Block (Painted),0.46,3.0,0.348,6.230399
GreenEdge-V3,"3Bed
",47.87,0.226,0.18,0.602871,9,Wall,Plaster on Masonry,0.02,3.0,0.325,6.208399
Roadside-V1,"3Bed
",68.3,0.465,1.35,0.797908,9,Wall,Wood Paneling,0.15,3.0,0.372,7.222009
GreenEdge-V3,"3Bed
",41.67,0.164,0.27,0.779661,9,Floor,Vinyl Tile,0.03,3.0,0.372,7.361009
HD-Urban-V1,"3Bed
",58.9,0.394,4.5,1.388596,9,Floor,Thick Pile Carpet,0.5,3.0,0.241,7.339009
HD-Urban-V0,"3Bed
",64.38,0.448,4.5,0.704938,9,Floor,Medium Pile Carpet,0.5,3.0,0.421,7.619267
Ind-Zone-V0,"3Bed
",78.68,0.591,2.7,0.846873,9,Ceiling,Plasterboard 10mm Thick Backed with 25mm Thick Bitumen,0.3,3.0,0.466,7.758267
MD-Urban-V2,"3Bed
",53.36,0.338,2.7,0.626053,9,Ceiling,Plasterboard 10mm Thick Backed with 25mm Thick Bitumen,0.3,3.0,0.5,7.736267
HD-Urban-V1,"3Bed
",59.85,0.403,0.72,1.230051,9,Ceiling,Sprayed Cellulose Fiber (25mm on Solid Backing),0.08,3.0,0.331,7.532732
HD-Urban-V0,1Bed,61.43,0.396,0.486,0.383119,9,Window,Frosted Glass + Gypsum Board,0.054,3.0,0.423,7.671732
MD-Urban-V2,1Bed,54.8,0.33,0.225,0.447327,9,Window,Glass Block + Unpainted Brick,0.025,3.0,0.471,7.649732
Roadside-V1,1Bed,71.72,0.499,2.88,0.46364,9,Window,Single Pane Glass + Concrete Block (Painted),0.32,3.0,0.31,7.471807
HD-Urban-V1,1Bed,57.27,0.354,2.565,0.41828,9,Window,Glass Block + Concrete Block (Painted),0.285,3.0,0.476,7.610807
GreenEdge-V3,1Bed,46.09,0.202,0.468,0.503505,9,Door,Solid Wood Door + Gypsum Board,0.052,3.0,0.483,7.588807
Roadside-V2,1Bed,62.88,0.363,3.24,0.418824,9,Wall,Concrete Block (Coarse),0.36,3.0,0.283,7.222009
Roadside-V2,1Bed,61.97,0.354,3.24,0.336899,9,Wall,Concrete Block (Coarse),0.36,3.0,0.309,7.361009
HD-Urban-V0,1Bed,64.25,0.377,3.24,0.584883,9,Wall,Concrete Block (Coarse),0.36,3.0,0.327,7.339009
HD-Urban-V1,1Bed,56.88,0.373,4.5,0.312089,9,Floor,Thick Pile Carpet,0.5,3.0,0.495,7.222009
HD-Urban-V1,1Bed,55.8,0.363,2.7,0.800519,9,Floor,Thin Carpet on Wood,0.3,3.0,0.467,7.361009
GreenEdge-V3,1Bed,41.29,0.217,2.7,0.486519,9,Floor,Thin Carpet on Wood,0.3,3.0,0.307,7.339009
Roadside-V2,1Bed,62.99,0.411,0.9,0.385258,9,Ceiling,"Wood Panels, 18mm Alternate 15mm Slot & 35mm Wooden Slat with 25mm Rockwool Backing",0.1,3.0,0.399,7.222009
Ind-Zone-V0,1Bed,80.75,0.612,4.05,0.351483,9,Ceiling,"Gypsum Plaster Tiles, 17% Perforated, 22mm",0.45,3.0,0.309,7.361009
Roadside-V2,1Bed,60.32,0.408,0.72,0.26552,9,Ceiling,Sprayed Cellulose Fiber (25mm on Solid Backing),0.08,3.0,0.401,7.339009
HD-Urban-V0,1Bed,60.93,0.414,1.125,0.425276,9,Window,Wired Glass + Wood Paneling,0.125,3.0,0.945,7.610349
HD-Urban-V0,1Bed,64.2,0.447,0.216,0.35523,9,Window,Small Pane Glass + Plaster on Masonry,0.024,3.0,0.997,7.749349
HD-Urban-V0,"2Bed
",61.43,0.396,0.927,0.800995,9,Window,Insulated Glazing Unit + Wood Paneling,0.103,3.0,0.981,7.727349
MD-Urban-V2,"2Bed
",54.8,0.33,3.897,0.96988,9,Door,Solid Wood Door + Acoustic Plaster,0.433,3.0,0.875,7.471807
Roadside-V1,"2Bed
",71.72,0.499,4.5,0.807355,9,Wall,Acoustic Plaster,0.5,3.0,0.957,7.610807
HD-Urban-V1,"2Bed
",57.27,0.354,4.14,0.587234,9,Wall,Concrete Block (Painted),0.46,3.0,0.89,7.588807
GreenEdge-V3,"2Bed
",46.09,0.242,0.36,0.976251,9,Wall,Plaster with Wallpaper Backing,0.04,3.0,0.988,7.222009
Roadside-V2,"2Bed
",62.88,0.363,4.14,0.750583,9,Wall,Concrete Block (Painted),0.46,3.0,0.805,7.361009
Roadside-V2,"2Bed
",61.97,0.354,0.09,1.140496,9,Floor,Terrazzo,0.01,3.0,0.868,7.339009
HD-Urban-V0,"2Bed
",64.25,0.424,2.25,0.49248,9,Floor,Thin Carpet on Concrete,0.25,3.0,0.993,3.862371
HD-Urban-V1,"2Bed
",56.88,0.303,0.63,0.76063,9,Floor,Wood Parquet,0.07,3.0,0.975,6.996149
HD-Urban-V1,"2Bed
",55.8,0.293,0.9,0.570248,9,Ceiling,Sprayed Cellulose Fiber (32mm on Solid Backing),0.1,3.0,0.805,7.452786
GreenEdge-V3,"2Bed
",41.29,0.148,2.7,0.573464,9,Ceiling,Perforated Underside of Structural Steel Decking,0.3,3.0,0.984,7.044678
Roadside-V2,"2Bed
",62.99,0.434,1.35,1.07933,9,Ceiling,Plasterboard (12mm) in Suspended Ceiling Grid,0.15,3.0,0.994,6.604678
Ind-Zone-V0,"2Bed
",80.75,0.542,0.225,0.7,9,Window,Large Pane Glass + Plaster on Masonry,0.025,3.0,0.94,6.851678
Roadside-V2,"2Bed
",60.32,0.385,0.864,0.790184,9,Window,Glazed Ceramic Tile + Wood Paneling,0.096,3.0,0.963,7.335983
HD-Urban-V0,"2Bed
",60.93,0.391,0.927,0.951256,9,Window,Insulated Glazing Unit + Wood Paneling,0.103,3.0,0.913,5.768596
HD-Urban-V0,"2Bed
",64.2,0.424,0.36,0.617845,9,Door,Single Pane Glass Door + Plaster with Wallpaper Backing,0.04,3.0,0.898,5.619596
Ind-Zone-V0,"2Bed
",77.75,0.582,0.36,0.582981,9,Wall,Plaster with Wallpaper Backing,0.04,3.0,0.985,4.608424
HD-Urban-V1,"2Bed
",57.61,0.381,4.5,0.620026,9,Wall,Acoustic Plaster,0.5,3.0,0.981,4.649424
HD-Urban-V1,"2Bed
",59.94,0.404,0.09,0.58777,9,Wall,Painted Brick,0.01,3.0,0.779,4.949424
HD-Urban-V0,"3Bed
",61.43,0.396,0.27,0.877916,9,Wall,Unpainted Brick,0.03,3.0,0.984,8.988655
MD-Urban-V2,"3Bed
",54.8,0.33,0.09,0.648612,9,Floor,Terrazzo,0.01,3.0,0.805,8.617655
Roadside-V1,"3Bed
",71.72,0.452,0.27,0.722333,9,Floor,Vinyl Tile,0.03,3.0,0.979,8.969757
HD-Urban-V1,"3Bed
",57.27,0.307,1.35,0.643428,9,Floor,Cork Floor Tiles,0.15,3.0,0.805,8.208928
GreenEdge-V3,"3Bed
",46.09,0.196,2.43,0.676471,9,Ceiling,"Hardboard, 25% Perforated Over 50mm Mineral Wool",0.27,3.0,0.975,6.959248
Roadside-V2,"3Bed
",62.88,0.41,0.9,1.176614,9,Ceiling,"Wood Panels, 18mm Alternate 15mm Slot & 35mm Wooden Slat with 25mm Rockwool Backing",0.1,3.0,0.963,7.424248
Roadside-V2,"3Bed
",61.97,0.354,4.5,0.742886,9,Ceiling,0.8mm Unperforated Metal Panels Backed with 25mm Thick Resin Bonded Fibreglass,0.5,3.0,0.917,6.757585
HD-Urban-V0,"3Bed
",64.25,0.424,0.522,1.359287,9,Window,Laminated Glass + Painted Brick,0.058,3.0,0.908,6.715585
HD-Urban-V1,"3Bed
",56.88,0.303,0.306,0.708211,9,Window,Large Pane Glass + Unpainted Brick,0.034,3.0,0.805,5.948691
HD-Urban-V1,"3Bed
",55.8,0.293,1.521,0.472449,9,Window,Laminated Glass + Wood Paneling,0.169,3.0,0.978,7.799344
GreenEdge-V3,"3Bed
",41.29,0.194,2.817,1.051524,9,Door,Sliding Wood Door + Concrete Block (Coarse),0.313,3.0,0.844,6.091399
Roadside-V2,"3Bed
",62.99,0.365,3.24,0.725407,9,Wall,Concrete Block (Coarse),0.36,3.0,0.991,6.230399
Ind-Zone-V0,"3Bed
",80.75,0.589,0.18,0.5796,9,Wall,Plaster on Masonry,0.02,3.0,0.977,6.208399
Roadside-V2,"3Bed
",60.32,0.385,5.85,1.368272,9,Wall,Fiberglass Board,0.65,3.0,0.868,7.222009
HD-Urban-V0,"3Bed
",60.93,0.344,1.35,0.880049,9,Wall,Wood Paneling,0.15,3.0,0.984,7.361009
HD-Urban-V0,"3Bed
",64.2,0.39,0.27,0.63,9,Floor,Vinyl Tile,0.03,3.0,0.988,7.339009
Ind-Zone-V0,"3Bed
",77.75,0.525,4.5,0.651822,9,Floor,Medium Pile Carpet,0.5,3.0,0.993,7.619267
HD-Urban-V1,"3Bed
",57.61,0.324,2.25,0.749806,9,Floor,Thin Carpet on Concrete,0.25,3.0,0.984,7.758267
HD-Urban-V1,"3Bed
",59.94,0.347,0.09,0.824936,9,Ceiling,"Plaster (Gypsum or Lime, on Masonry)",0.01,3.0,0.975,7.736267
HD-Urban-V0,"3Bed
",60.47,0.352,2.25,0.854363,9,Ceiling,"100mm Woodwool Fixed Directly to Concrete, Pre-Screeded Surface Facing Backing",0.25,3.0,0.975,7.532732
GreenEdge-V3,"3Bed
",47.87,0.226,3.6,0.602871,9,Ceiling,Plywood 12mm Thick Perforated 5mm Diameter Holes with 60mm Thick Fibreglass Between Mounting Battens,0.4,3.0,0.994,7.671732
Roadside-V1,"3Bed
",68.3,0.465,4.815,0.797908,9,Window,Laminated Glass + Fiberglass Board,0.535,3.0,0.94,7.649732
GreenEdge-V3,"3Bed
",41.67,0.164,3.924,0.779661,9,Window,Single Pane Glass + Fiberglass Board,0.436,3.0,0.402,7.471807
HD-Urban-V1,"3Bed
",58.9,0.394,0.324,1.388596,9,Window,Small Pane Glass + Plaster with Wallpaper Backing,0.036,3.0,0.499,7.610807
HD-Urban-V0,"3Bed
",64.38,0.448,0.711,0.704938,9,Door,Fire-Rated Door with Mineral Core + Unpainted Brick,0.079,3.0,0.488,7.588807
Ind-Zone-V0,"3Bed
",78.68,0.591,1.35,0.846873,9,Wall,Wood Paneling,0.15,3.0,0.492,7.222009
MD-Urban-V2,"3Bed
",53.36,0.338,4.5,0.626053,9,Wall,Acoustic Plaster,0.5,3.0,0.254,7.361009
HD-Urban-V1,"3Bed
",59.85,0.403,4.14,1.230051,9,Wall,Concrete Block (Painted),0.46,3.0,0.241,7.339009
HD-Urban-V0,1Bed,61.43,0.396,5.85,0.383119,9,Wall,Fiberglass Board,0.65,3.0,0.466,7.222009
MD-Urban-V2,1Bed,54.8,0.33,2.25,0.447327,9,Floor,Thin Carpet on Concrete,0.25,3.0,0.309,7.361009
Roadside-V1,1Bed,71.72,0.499,2.25,0.46364,9,Floor,Thin Carpet on Concrete,0.25,3.0,0.326,7.339009
HD-Urban-V1,1Bed,57.27,0.354,1.35,0.41828,9,Floor,Cork Floor Tiles,0.15,3.0,0.487,7.222009
GreenEdge-V3,1Bed,46.09,0.202,2.7,0.503505,9,Ceiling,Perforated Underside of Structural Steel Decking,0.3,3.0,0.476,7.361009
Roadside-V2,1Bed,62.88,0.363,2.7,0.418824,9,Ceiling,Perforated Underside of Structural Steel Decking,0.3,3.0,0.399,7.339009
Roadside-V2,1Bed,61.97,0.354,1.8,0.336899,9,Ceiling,"Plaster Decorative Panels, Ceilings",0.2,3.0,0.48,7.610349
HD-Urban-V0,1Bed,64.25,0.377,0.306,0.584883,9,Window,Glazed Ceramic Tile + Gypsum Board,0.034,3.0,0.466,7.749349
HD-Urban-V1,1Bed,56.88,0.373,0.252,0.312089,9,Window,Wired Glass + Plaster on Masonry,0.028,3.0,0.444,7.727349
HD-Urban-V1,1Bed,55.8,0.363,2.637,0.800519,9,Window,Small Pane Glass + Concrete Block (Painted),0.293,3.0,0.205,7.471807
GreenEdge-V3,1Bed,41.29,0.217,0.909,0.486519,9,Window,Double Pane Glass + Gypsum Board,0.101,3.0,0.498,7.610807
Roadside-V2,1Bed,62.99,0.411,0.432,0.385258,9,Door,Single Pane Glass Door + Gypsum Board,0.048,3.0,0.466,7.588807
Ind-Zone-V0,1Bed,80.75,0.612,0.45,0.351483,9,Wall,Gypsum Board,0.05,3.0,0.345,7.222009
Roadside-V2,1Bed,60.32,0.408,0.36,0.26552,9,Wall,Plaster with Wallpaper Backing,0.04,3.0,0.842,7.361009
HD-Urban-V0,1Bed,60.93,0.414,5.85,0.425276,9,Wall,Fiberglass Board,0.65,3.0,0.896,7.339009
HD-Urban-V0,1Bed,64.2,0.447,1.35,0.35523,9,Floor,Cork Floor Tiles,0.15,3.0,0.851,7.551845
HD-Urban-V0,"2Bed
",61.43,0.396,2.7,0.800995,9,Floor,Thin Carpet on Wood,0.3,3.0,0.778,7.273932
MD-Urban-V2,"2Bed
",54.8,0.33,0.9,0.96988,9,Floor,Wood Flooring on Joists,0.1,3.0,0.868,6.525372
Roadside-V1,"2Bed
",71.72,0.499,2.7,0.807355,9,Ceiling,"50mm Woodwool Slabs on 25mm Cavity, Pre-Screeded Surface Facing Cavity",0.3,3.0,0.823,7.238203
HD-Urban-V1,"2Bed
",57.27,0.354,3.6,0.587234,9,Ceiling,"Plywood, 12mm, with 30mm Thick Fibreglass Backing Between 30mm Battens",0.4,3.0,0.805,7.333203
GreenEdge-V3,"2Bed
",46.09,0.242,1.8,0.976251,9,Ceiling,Plywood 12mm Thick Perforated 5mm Diameter Holes with 60mm Deep Air Space Behind,0.2,3.0,0.993,7.209203
Roadside-V2,"2Bed
",62.88,0.363,0.09,0.750583,9,Window,Glazed Ceramic Tile + Painted Brick,0.01,3.0,0.984,6.974679
Roadside-V2,"2Bed
",61.97,0.354,0.864,1.140496,9,Window,Laminated Glass + Unpainted Brick,0.096,3.0,0.975,7.51487
HD-Urban-V0,"2Bed
",64.25,0.424,0.198,0.49248,9,Window,Glass Block + Unpainted Brick,0.022,3.0,0.805,7.09287
HD-Urban-V1,"2Bed
",56.88,0.303,0.387,0.76063,9,Door,Solid Wood Door + Plaster with Wallpaper Backing,0.043,3.0,0.917,8.396932
HD-Urban-V1,"2Bed
",55.8,0.293,4.5,0.570248,9,Wall,Acoustic Plaster,0.5,3.0,0.984,8.104932
GreenEdge-V3,"2Bed
",41.29,0.148,0.36,0.573464,9,Wall,Plaster with Wallpaper Backing,0.04,3.0,0.922,8.128932
Roadside-V2,"2Bed
",62.99,0.434,0.18,1.07933,9,Wall,Plaster on Masonry,0.02,3.0,0.895,5.756849
Ind-Zone-V0,"2Bed
",80.75,0.542,0.36,0.7,9,Wall,Plaster with Wallpaper Backing,0.04,3.0,0.94,5.710849
Roadside-V2,"2Bed
",60.32,0.385,0.09,0.790184,9,Floor,Terrazzo,0.01,3.0,0.895,8.43915
HD-Urban-V0,"2Bed
",60.93,0.391,1.35,0.951256,9,Floor,Cork Floor Tiles,0.15,3.0,0.98,4.711636
HD-Urban-V0,"2Bed
",64.2,0.424,4.5,0.617845,9,Floor,Thick Pile Carpet,0.5,3.0,0.98,6.940541
Ind-Zone-V0,"2Bed
",77.75,0.582,1.26,0.582981,9,Ceiling,"Plaster (Gypsum or Lime, Rough Finish or Timber Lath)",0.14,3.0,0.981,7.022541
HD-Urban-V1,"2Bed
",57.61,0.381,3.78,0.620026,9,Ceiling,"Mineral Wool Tiles, 180mm Airspace",0.42,3.0,0.791,7.761636
HD-Urban-V1,"2Bed
",59.94,0.404,2.7,0.58777,9,Ceiling,"50mm Woodwool Slabs on 25mm Cavity, Pre-Screeded Surface Facing Cavity",0.3,3.0,0.981,7.771636
HD-Urban-V0,"3Bed
",61.43,0.396,0.27,0.877916,9,Window,Insulated Glazing Unit + Unpainted Brick,0.03,3.0,0.984,7.767217
MD-Urban-V2,"3Bed
",54.8,0.33,2.124,0.648612,9,Window,Large Pane Glass + Concrete Block (Coarse),0.236,3.0,0.868,8.706492
Roadside-V1,"3Bed
",71.72,0.452,2.961,0.722333,9,Window,Frosted Glass + Acoustic Plaster,0.329,3.0,0.993,6.732755
HD-Urban-V1,"3Bed
",57.27,0.307,2.889,0.643428,9,Door,Plywood Door + Concrete Block (Coarse),0.321,3.0,0.993,6.920755
GreenEdge-V3,"3Bed
",46.09,0.196,0.36,0.676471,9,Wall,Plaster with Wallpaper Backing,0.04,3.0,0.963,6.634755
Roadside-V2,"3Bed
",62.88,0.41,1.35,1.176614,9,Wall,Wood Paneling,0.15,3.0,0.998,7.48136
Roadside-V2,"3Bed
",61.97,0.354,4.5,0.742886,9,Wall,Acoustic Plaster,0.5,3.0,0.985,7.66936
HD-Urban-V0,"3Bed
",64.25,0.424,4.14,1.359287,9,Wall,Concrete Block (Painted),0.46,3.0,0.975,7.38336
HD-Urban-V1,"3Bed
",56.88,0.303,0.27,0.708211,9,Floor,Vinyl Tile,0.03,3.0,0.895,7.878619
HD-Urban-V1,"3Bed
",55.8,0.293,4.5,0.472449,9,Floor,Thick Pile Carpet,0.5,3.0,0.828,8.066619
GreenEdge-V3,"3Bed
",41.29,0.194,2.25,1.051524,9,Floor,Thin Carpet on Concrete,0.25,3.0,0.997,7.780619
Roadside-V2,"3Bed
",62.99,0.365,4.05,0.725407,9,Ceiling,"12% Perforated Plaster Tiles with Absorbent Felt, 200mm Ceiling Void",0.45,3.0,0.967,7.792083
Ind-Zone-V0,"3Bed
",80.75,0.589,3.6,0.5796,9,Ceiling,"Plywood, 5mm, on Battens with 50mm Airspace Filled with Glass Wool",0.4,3.0,0.985,7.980083
Roadside-V2,"3Bed
",60.32,0.385,4.5,1.368272,9,Ceiling,"100mm Woodwool Slabs on 25mm Cavity, Pre-Screeded Surface Facing Cavity",0.5,3.0,0.975,7.694083
HD-Urban-V0,"3Bed
",60.93,0.344,0.477,0.880049,9,Window,Double Pane Glass + Painted Brick,0.053,3.0,0.984,7.731159
HD-Urban-V0,"3Bed
",64.2,0.39,0.963,0.63,9,Window,Large Pane Glass + Wood Paneling,0.107,3.0,0.99,7.919159
Ind-Zone-V0,"3Bed
",77.75,0.525,0.918,0.651822,9,Window,Laminated Glass + Plaster with Wallpaper Backing,0.102,3.0,0.973,7.633159
HD-Urban-V1,"3Bed
",57.61,0.324,1.422,0.749806,9,Door,Laminated Glass Door + Wood Paneling,0.158,3.0,0.837,7.48136
HD-Urban-V1,"3Bed
",59.94,0.347,0.27,0.824936,9,Wall,Unpainted Brick,0.03,3.0,0.993,7.66936
HD-Urban-V0,"3Bed
",60.47,0.352,0.36,0.854363,9,Wall,Plaster with Wallpaper Backing,0.04,3.0,0.805,7.38336
GreenEdge-V3,"3Bed
",47.87,0.226,4.5,0.602871,9,Wall,Acoustic Plaster,0.5,3.0,0.488,7.48136
Roadside-V1,"3Bed
",68.3,0.465,0.36,0.797908,9,Wall,Plaster with Wallpaper Backing,0.04,3.0,0.491,7.66936
GreenEdge-V3,"3Bed
",41.67,0.164,0.27,0.779661,9,Floor,Vinyl Tile,0.03,3.0,0.242,7.38336
HD-Urban-V1,"3Bed
",58.9,0.394,2.25,1.388596,9,Floor,Thin Carpet on Concrete,0.25,3.0,0.478,7.48136
HD-Urban-V0,"3Bed
",64.38,0.448,2.25,0.704938,9,Floor,Thin Carpet on Concrete,0.25,3.0,0.308,7.66936
Ind-Zone-V0,"3Bed
",78.68,0.591,1.26,0.846873,9,Ceiling,"Plaster (Gypsum or Lime, Rough Finish or Timber Lath)",0.14,3.0,0.309,7.38336
MD-Urban-V2,"3Bed
",53.36,0.338,3.6,0.626053,9,Ceiling,Plywood 12mm Thick Perforated 5mm Diameter Holes with 60mm Thick Fibreglass Between Mounting Battens,0.4,3.0,0.479,7.869701
HD-Urban-V1,"3Bed
",59.85,0.403,0.72,1.230051,9,Ceiling,Sprayed Cellulose Fiber (25mm on Solid Backing),0.08,3.0,0.399,8.057701
HD-Urban-V0,1Bed,61.43,0.396,0.684,0.383119,9,Window,Double Pane Glass + Painted Brick,0.076,3.0,0.8,7.771701
MD-Urban-V2,1Bed,54.8,0.33,4.77,0.447327,9,Window,Double Pane Glass + Fiberglass Board,0.53,3.0,0.828,7.731159
Roadside-V1,1Bed,71.72,0.499,0.27,0.46364,9,Window,Small Pane Glass + Unpainted Brick,0.03,3.0,0.872,7.919159
HD-Urban-V1,1Bed,57.27,0.354,1.179,0.41828,9,Window,Single Pane Glass + Wood Paneling,0.131,3.0,0.859,7.633159
GreenEdge-V3,1Bed,46.09,0.202,2.799,0.503505,9,Door,Single Pane Glass Door + Concrete Block (Coarse),0.311,3.0,0.989,7.48136
Roadside-V2,1Bed,62.88,0.363,4.5,0.418824,9,Wall,Acoustic Plaster,0.5,3.0,0.963,7.66936
Roadside-V2,1Bed,61.97,0.354,5.85,0.336899,9,Wall,Fiberglass Board,0.65,3.0,0.979,7.38336
HD-Urban-V0,1Bed,64.25,0.377,3.24,0.584883,9,Wall,Concrete Block (Coarse),0.36,3.0,0.975,7.551845
HD-Urban-V1,1Bed,56.88,0.373,0.9,0.312089,9,Floor,Wood Flooring on Joists,0.1,3.0,0.975,7.273932
HD-Urban-V1,1Bed,55.8,0.363,0.9,0.800519,9,Floor,Wood Flooring on Joists,0.1,3.0,0.998,6.525372
GreenEdge-V3,1Bed,41.29,0.217,0.09,0.486519,9,Floor,Marble,0.01,3.0,0.975,7.238203
Roadside-V2,1Bed,62.99,0.411,0.72,0.385258,9,Ceiling,Sprayed Cellulose Fiber (25mm on Solid Backing),0.08,3.0,0.895,7.333203
Ind-Zone-V0,1Bed,80.75,0.612,2.7,0.351483,9,Ceiling,Perforated Underside of Structural Steel Decking,0.3,3.0,0.994,7.209203
Roadside-V2,1Bed,60.32,0.408,3.78,0.26552,9,Ceiling,"Mineral Wool Tiles, 180mm Airspace",0.42,3.0,0.861,6.974679
HD-Urban-V0,1Bed,60.93,0.414,0.432,0.425276,9,Window,Single Pane Glass + Unpainted Brick,0.048,3.0,0.999,7.51487
HD-Urban-V0,1Bed,64.2,0.447,0.414,0.35523,9,Window,Large Pane Glass + Gypsum Board,0.046,3.0,0.979,7.09287
HD-Urban-V0,"2Bed
",61.43,0.396,2.016,0.800995,9,Window,Glass Block + Concrete Block (Coarse),0.224,3.0,0.805,8.396932
MD-Urban-V2,"2Bed
",54.8,0.33,5.445,0.96988,9,Door,Fire-Rated Door with Mineral Core + Fiberglass Board,0.605,3.0,0.979,8.104932
Roadside-V1,"2Bed
",71.72,0.499,0.18,0.807355,9,Wall,Plaster on Masonry,0.02,3.0,0.975,8.128932
HD-Urban-V1,"2Bed
",57.27,0.354,4.5,0.587234,9,Wall,Acoustic Plaster,0.5,3.0,0.975,5.756849
GreenEdge-V3,"2Bed
",46.09,0.242,0.36,0.976251,9,Wall,Plaster with Wallpaper Backing,0.04,3.0,0.917,5.710849
Roadside-V2,"2Bed
",62.88,0.363,0.09,0.750583,9,Wall,Painted Brick,0.01,3.0,0.967,8.43915
Roadside-V2,"2Bed
",61.97,0.354,0.9,1.140496,9,Floor,Wood Flooring on Joists,0.1,3.0,0.997,4.711636
HD-Urban-V0,"2Bed
",64.25,0.424,0.09,0.49248,9,Floor,Terrazzo,0.01,3.0,0.823,6.940541
HD-Urban-V1,"2Bed
",56.88,0.303,0.9,0.76063,9,Floor,Wood Flooring on Joists,0.1,3.0,0.988,7.022541
HD-Urban-V1,"2Bed
",55.8,0.293,0.9,0.570248,9,Ceiling,0.8mm Perforated Metal Tiles with 25mm Thick Resin-Bonded Fibreglass Slab,0.1,3.0,0.868,7.761636
GreenEdge-V3,"2Bed
",41.29,0.148,0.45,0.573464,9,Ceiling,Sprayed Cellulose Fiber (16mm on Solid Backing),0.05,3.0,0.805,7.771636
Roadside-V2,"2Bed
",62.99,0.434,0.9,1.07933,9,Ceiling,"Wood Panels, 18mm Alternate 15mm Slot & 35mm Wooden Slat with 25mm Rockwool Backing",0.1,3.0,0.993,7.767217
Ind-Zone-V0,"2Bed
",80.75,0.542,0.792,0.7,9,Window,Laminated Glass + Gypsum Board,0.088,3.0,0.963,8.706492
Roadside-V2,"2Bed
",60.32,0.385,2.682,0.790184,9,Window,Laminated Glass + Concrete Block (Coarse),0.298,3.0,0.975,6.732755
HD-Urban-V0,"2Bed
",60.93,0.391,0.45,0.951256,9,Window,Wired Glass + Gypsum Board,0.05,3.0,0.997,6.920755
HD-Urban-V0,"2Bed
",64.2,0.424,0.198,0.617845,9,Door,Double Pane Glass Door + Plaster on Masonry,0.022,3.0,0.31,6.634755
Ind-Zone-V0,"2Bed
",77.75,0.582,0.18,0.582981,9,Wall,Plaster on Masonry,0.02,3.0,0.478,7.48136
HD-Urban-V1,"2Bed
",57.61,0.381,4.14,0.620026,9,Wall,Concrete Block (Painted),0.46,3.0,0.485,7.66936
HD-Urban-V1,"2Bed
",59.94,0.404,1.35,0.58777,9,Wall,Wood Paneling,0.15,3.0,0.348,7.38336
HD-Urban-V0,"3Bed
",61.43,0.396,3.24,0.877916,9,Wall,Concrete Block (Coarse),0.36,3.0,0.325,7.878619
MD-Urban-V2,"3Bed
",54.8,0.33,4.5,0.648612,9,Floor,Medium Pile Carpet,0.5,3.0,0.372,8.066619
Roadside-V1,"3Bed
",71.72,0.452,1.35,0.722333,9,Floor,Cork Floor Tiles,0.15,3.0,0.372,7.780619
HD-Urban-V1,"3Bed
",57.27,0.307,2.7,0.643428,9,Floor,Thin Carpet on Wood,0.3,3.0,0.241,7.792083
GreenEdge-V3,"3Bed
",46.09,0.196,2.7,0.676471,9,Ceiling,Plasterboard 10mm Thick Backed with 25mm Thick Bitumen,0.3,3.0,0.421,7.980083
Roadside-V2,"3Bed
",62.88,0.41,3.6,1.176614,9,Ceiling,"Plywood, 5mm, on Battens with 50mm Airspace Filled with Glass Wool",0.4,3.0,0.466,7.694083
Roadside-V2,"3Bed
",61.97,0.354,0.9,0.742886,9,Ceiling,0.8mm Perforated Metal Tiles with 25mm Thick Resin-Bonded Fibreglass Slab,0.1,3.0,0.5,7.731159
HD-Urban-V0,"3Bed
",64.25,0.424,0.567,1.359287,9,Window,Single Pane Glass + Gypsum Board,0.063,3.0,0.331,7.919159
HD-Urban-V1,"3Bed
",56.88,0.303,0.81,0.708211,9,Window,Laminated Glass + Plaster on Masonry,0.09,3.0,0.423,7.633159
HD-Urban-V1,"3Bed
",55.8,0.293,2.673,0.472449,9,Window,Large Pane Glass + Concrete Block (Painted),0.297,3.0,0.471,7.48136
GreenEdge-V3,"3Bed
",41.29,0.194,3.888,1.051524,9,Door,Sliding Wood Door + Acoustic Plaster,0.432,3.0,0.31,7.66936
Roadside-V2,"3Bed
",62.99,0.365,4.14,0.725407,9,Wall,Concrete Block (Painted),0.46,3.0,0.476,7.38336
Ind-Zone-V0,"3Bed
",80.75,0.589,3.24,0.5796,9,Wall,Concrete Block (Coarse),0.36,3.0,0.483,7.48136
Roadside-V2,"3Bed
",60.32,0.385,3.24,1.368272,9,Wall,Concrete Block (Coarse),0.36,3.0,0.283,7.66936
HD-Urban-V0,"3Bed
",60.93,0.344,4.14,0.880049,9,Wall,Concrete Block (Painted),0.46,3.0,0.309,7.38336
HD-Urban-V0,"3Bed
",64.2,0.39,0.09,0.63,9,Floor,Terrazzo,0.01,3.0,0.327,7.48136
Ind-Zone-V0,"3Bed
",77.75,0.525,0.09,0.651822,9,Floor,Marble,0.01,3.0,0.495,7.66936
HD-Urban-V1,"3Bed
",57.61,0.324,0.09,0.749806,9,Floor,Marble,0.01,3.0,0.467,7.38336
HD-Urban-V1,"3Bed
",59.94,0.347,0.72,0.824936,9,Ceiling,Sprayed Cellulose Fiber (25mm on Solid Backing),0.08,3.0,0.307,7.869701
HD-Urban-V0,"3Bed
",60.47,0.352,6.57,0.854363,9,Ceiling,"Metal Deck (Perforated Channels, 75mm Batts)",0.73,3.0,0.399,8.057701
GreenEdge-V3,"3Bed
",47.87,0.226,2.25,0.602871,9,Ceiling,"Plasterboard 10mm Thick, Perforated 8mm Diameter Holes with 25mm Bitumen-Bonded Fibreglass",0.25,3.0,0.309,7.771701
Roadside-V1,"3Bed
",68.3,0.465,0.567,0.797908,9,Window,Single Pane Glass + Gypsum Board,0.063,3.0,0.401,7.731159
GreenEdge-V3,"3Bed
",41.67,0.164,0.738,0.779661,9,Window,Double Pane Glass + Plaster on Masonry,0.082,3.0,0.945,7.919159
HD-Urban-V1,"3Bed
",58.9,0.394,0.396,1.388596,9,Window,Wired Glass + Plaster with Wallpaper Backing,0.044,3.0,0.997,7.633159
HD-Urban-V0,"3Bed
",64.38,0.448,1.746,0.704938,9,Door,Acoustic Door + Wood Paneling,0.194,3.0,0.981,7.48136
Ind-Zone-V0,"3Bed
",78.68,0.591,5.85,0.846873,9,Wall,Fiberglass Board,0.65,3.0,0.875,7.66936
MD-Urban-V2,"3Bed
",53.36,0.338,1.35,0.626053,9,Wall,Wood Paneling,0.15,3.0,0.957,7.38336
HD-Urban-V1,"3Bed
",59.85,0.403,3.24,1.230051,9,Wall,Concrete Block (Coarse),0.36,3.0,0.89,7.551845
HD-Urban-V0,1Bed,61.43,0.396,0.09,0.383119,9,Wall,Painted Brick,0.01,3.0,0.988,7.273932
MD-Urban-V2,1Bed,54.8,0.33,1.35,0.447327,9,Floor,Cork Floor Tiles,0.15,3.0,0.805,6.525372
Roadside-V1,1Bed,71.72,0.499,0.09,0.46364,9,Floor,Marble,0.01,3.0,0.868,7.238203
HD-Urban-V1,1Bed,57.27,0.354,0.09,0.41828,9,Floor,Terrazzo,0.01,3.0,0.993,7.333203
GreenEdge-V3,1Bed,46.09,0.202,1.8,0.503505,9,Ceiling,50mm Mineral Wool Behind 25% Open Area Perforated Steel,0.2,3.0,0.975,7.209203
Roadside-V2,1Bed,62.88,0.363,1.8,0.418824,9,Ceiling,50mm Mineral Wool Behind 25% Open Area Perforated Steel,0.2,3.0,0.805,6.974679
Roadside-V2,1Bed,61.97,0.354,1.71,0.336899,9,Ceiling,"Metal Deck (Perforated Channels, 25mm Batts)",0.19,3.0,0.984,7.51487
HD-Urban-V0,1Bed,64.25,0.377,3.447,0.584883,9,Window,Laminated Glass + Acoustic Plaster,0.383,3.0,0.994,7.09287
HD-Urban-V1,1Bed,56.88,0.373,3.546,0.312089,9,Window,Laminated Glass + Concrete Block (Painted),0.394,3.0,0.94,8.396932
HD-Urban-V1,1Bed,55.8,0.363,2.61,0.800519,9,Window,Double Pane Glass + Concrete Block (Coarse),0.29,3.0,0.963,8.104932
GreenEdge-V3,1Bed,41.29,0.217,2.925,0.486519,9,Window,Wired Glass + Acoustic Plaster,0.325,3.0,0.913,8.128932
Roadside-V2,1Bed,62.99,0.411,0.288,0.385258,9,Door,Plywood Door + Plaster on Masonry,0.032,3.0,0.898,5.756849
Ind-Zone-V0,1Bed,80.75,0.612,4.14,0.351483,9,Wall,Concrete Block (Painted),0.46,3.0,0.985,5.710849
Roadside-V2,1Bed,60.32,0.408,0.36,0.26552,9,Wall,Plaster with Wallpaper Backing,0.04,3.0,0.981,8.43915
HD-Urban-V0,1Bed,60.93,0.414,4.14,0.425276,9,Wall,Concrete Block (Painted),0.46,3.0,0.779,4.711636
HD-Urban-V0,1Bed,64.2,0.447,0.63,0.35523,9,Floor,Wood Parquet,0.07,3.0,0.984,6.940541
HD-Urban-V0,"2Bed
",61.43,0.396,1.35,0.800995,9,Floor,Cork Floor Tiles,0.15,3.0,0.805,7.022541
MD-Urban-V2,"2Bed
",54.8,0.33,0.09,0.96988,9,Floor,Terrazzo,0.01,3.0,0.979,7.761636
Roadside-V1,"2Bed
",71.72,0.499,3.6,0.807355,9,Ceiling,"Plywood, 5mm, on Battens with 50mm Airspace Filled with Glass Wool",0.4,3.0,0.805,7.771636
HD-Urban-V1,"2Bed
",57.27,0.354,3.78,0.587234,9,Ceiling,"Mineral Wool Tiles, 180mm Airspace",0.42,3.0,0.975,7.767217
GreenEdge-V3,"2Bed
",46.09,0.242,0.45,0.976251,9,Ceiling,Sprayed Cellulose Fiber (16mm on Solid Backing),0.05,3.0,0.963,8.706492
Roadside-V2,"2Bed
",62.88,0.363,3.105,0.750583,9,Window,Glazed Ceramic Tile + Concrete Block (Painted),0.345,3.0,0.917,6.732755
Roadside-V2,"2Bed
",61.97,0.354,2.016,1.140496,9,Window,Glazed Ceramic Tile + Concrete Block (Coarse),0.224,3.0,0.908,6.920755
HD-Urban-V0,"2Bed
",64.25,0.424,0.144,0.49248,9,Window,Glass Block + Plaster on Masonry,0.016,3.0,0.805,6.634755
HD-Urban-V1,"2Bed
",56.88,0.303,0.783,0.76063,9,Door,Fire-Rated Door with Mineral Core + Plaster with Wallpaper Backing,0.087,3.0,0.978,7.48136
HD-Urban-V1,"2Bed
",55.8,0.293,0.36,0.570248,9,Wall,Plaster with Wallpaper Backing,0.04,3.0,0.844,7.66936
GreenEdge-V3,"2Bed
",41.29,0.148,4.5,0.573464,9,Wall,Acoustic Plaster,0.5,3.0,0.991,7.38336
Roadside-V2,"2Bed
",62.99,0.434,1.35,1.07933,9,Wall,Wood Paneling,0.15,3.0,0.977,7.878619
Ind-Zone-V0,"2Bed
",80.75,0.542,1.35,0.7,9,Wall,Wood Paneling,0.15,3.0,0.868,8.066619
Roadside-V2,"2Bed
",60.32,0.385,1.35,0.790184,9,Floor,Cork Floor Tiles,0.15,3.0,0.984,7.780619
HD-Urban-V0,"2Bed
",60.93,0.391,1.35,0.951256,9,Floor,Cork Floor Tiles,0.15,3.0,0.988,7.792083
HD-Urban-V0,"2Bed
",64.2,0.424,0.09,0.617845,9,Floor,Marble,0.01,3.0,0.993,7.980083
Ind-Zone-V0,"2Bed
",77.75,0.582,0.9,0.582981,9,Ceiling,"Wood Panels, 18mm Alternate 15mm Slot & 35mm Wooden Slat with 25mm Rockwool Backing",0.1,3.0,0.984,7.694083
HD-Urban-V1,"2Bed
",57.61,0.381,1.71,0.620026,9,Ceiling,"Metal Deck (Perforated Channels, 25mm Batts)",0.19,3.0,0.975,7.731159
HD-Urban-V1,"2Bed
",59.94,0.404,6.3,0.58777,9,Ceiling,Sprayed Cellulose Fiber (75mm on Solid Backing),0.7,3.0,0.975,7.919159
HD-Urban-V0,"3Bed
",61.43,0.396,0.333,0.877916,9,Window,Insulated Glazing Unit + Plaster with Wallpaper Backing,0.037,3.0,0.994,7.633159
MD-Urban-V2,"3Bed
",54.8,0.33,0.144,0.648612,9,Window,Glazed Ceramic Tile + Plaster on Masonry,0.016,3.0,0.94,7.48136
Roadside-V1,"3Bed
",71.72,0.452,0.162,0.722333,9,Window,Insulated Glazing Unit + Painted Brick,0.018,3.0,0.402,7.66936
HD-Urban-V1,"3Bed
",57.27,0.307,5.238,0.643428,9,Door,Laminated Glass Door + Fiberglass Board,0.582,3.0,0.499,7.38336
GreenEdge-V3,"3Bed
",46.09,0.196,4.14,0.676471,9,Wall,Concrete Block (Painted),0.46,3.0,0.488,7.48136
Roadside-V2,"3Bed
",62.88,0.41,1.35,1.176614,9,Wall,Wood Paneling,0.15,3.0,0.492,7.66936
Roadside-V2,"3Bed
",61.97,0.354,0.27,0.742886,9,Wall,Unpainted Brick,0.03,3.0,0.254,7.38336
HD-Urban-V0,"3Bed
",64.25,0.424,0.18,1.359287,9,Wall,Plaster on Masonry,0.02,3.0,0.241,7.48136
HD-Urban-V1,"3Bed
",56.88,0.303,1.35,0.708211,9,Floor,Cork Floor Tiles,0.15,3.0,0.466,7.66936
HD-Urban-V1,"3Bed
",55.8,0.293,4.5,0.472449,9,Floor,Thick Pile Carpet,0.5,3.0,0.309,7.38336
GreenEdge-V3,"3Bed
",41.29,0.194,0.09,1.051524,9,Floor,Terrazzo,0.01,3.0,0.326,7.869701
Roadside-V2,"3Bed
",62.99,0.365,4.5,0.725407,9,Ceiling,"100mm Woodwool Slabs on 25mm Cavity, Pre-Screeded Surface Facing Cavity",0.5,3.0,0.487,8.057701
Ind-Zone-V0,"3Bed
",80.75,0.589,0.54,0.5796,9,Ceiling,"Mineral Wool Tiles, Glued/Screwed to Soffit",0.06,3.0,0.476,7.771701
Roadside-V2,"3Bed
",60.32,0.385,2.25,1.368272,9,Ceiling,"100mm Woodwool Fixed Directly to Concrete, Pre-Screeded Surface Facing Backing",0.25,3.0,0.399,7.731159
HD-Urban-V0,"3Bed
",60.93,0.344,0.477,0.880049,9,Window,Double Pane Glass + Painted Brick,0.053,3.0,0.48,7.919159
HD-Urban-V0,"3Bed
",64.2,0.39,0.198,0.63,9,Window,Large Pane Glass + Painted Brick,0.022,3.0,0.466,7.633159
Ind-Zone-V0,"3Bed
",77.75,0.525,0.27,0.651822,9,Window,Small Pane Glass + Unpainted Brick,0.03,3.0,0.444,7.48136
HD-Urban-V1,"3Bed
",57.61,0.324,0.756,0.749806,9,Door,Acoustic Door + Plaster on Masonry,0.084,3.0,0.205,7.66936
HD-Urban-V1,"3Bed
",59.94,0.347,4.5,0.824936,9,Wall,Acoustic Plaster,0.5,3.0,0.498,7.38336
HD-Urban-V0,"3Bed
",60.47,0.352,0.09,0.854363,9,Wall,Painted Brick,0.01,3.0,0.466,7.551845
GreenEdge-V3,"3Bed
",47.87,0.226,5.85,0.602871,9,Wall,Fiberglass Board,0.65,3.0,0.345,7.273932
Roadside-V1,"3Bed
",68.3,0.465,1.35,0.797908,9,Wall,Wood Paneling,0.15,3.0,0.842,6.525372
GreenEdge-V3,"3Bed
",41.67,0.164,0.27,0.779661,9,Floor,Vinyl Tile,0.03,3.0,0.896,7.238203
HD-Urban-V1,"3Bed
",58.9,0.394,4.5,1.388596,9,Floor,Medium Pile Carpet,0.5,3.0,0.851,7.333203
HD-Urban-V0,"3Bed
",64.38,0.448,1.35,0.704938,9,Floor,Cork Floor Tiles,0.15,3.0,0.778,7.209203
Ind-Zone-V0,"3Bed
",78.68,0.591,1.71,0.846873,9,Ceiling,"Metal Deck (Perforated Channels, 25mm Batts)",0.19,3.0,0.868,6.974679
MD-Urban-V2,"3Bed
",53.36,0.338,3.6,0.626053,9,Ceiling,"Plywood, 5mm, on Battens with 50mm Airspace Filled with Glass Wool",0.4,3.0,0.823,7.51487
HD-Urban-V1,"3Bed
",59.85,0.403,1.8,1.230051,9,Ceiling,Plywood 12mm Thick Perforated 5mm Diameter Holes with 60mm Deep Air Space Behind,0.2,3.0,0.805,7.09287
HD-Urban-V0,1Bed,61.43,0.419,1.125,0.383119,9,Window,Wired Glass + Wood Paneling,0.125,3.0,0.993,8.396932
MD-Urban-V2,1Bed,54.8,0.353,0.144,0.447327,9,Window,Glass Block + Plaster on Masonry,0.016,3.0,0.984,8.104932
Roadside-V1,1Bed,71.72,0.522,2.736,0.46364,9,Window,Frosted Glass + Concrete Block (Painted),0.304,3.0,0.975,8.128932
HD-Urban-V1,1Bed,57.27,0.377,0.9,0.41828,9,Door,Steel Door with Acoustic Treatment + Unpainted Brick,0.1,3.0,0.805,5.756849
GreenEdge-V3,1Bed,46.09,0.216,0.09,0.503505,9,Wall,Painted Brick,0.01,3.0,0.917,5.710849
Roadside-V2,1Bed,62.88,0.377,5.85,0.418824,9,Wall,Fiberglass Board,0.65,3.0,0.984,8.43915
Roadside-V2,1Bed,61.97,0.354,1.35,0.336899,9,Wall,Wood Paneling,0.15,3.0,0.922,4.711636
HD-Urban-V0,1Bed,64.25,0.377,4.5,0.584883,9,Wall,Acoustic Plaster,0.5,3.0,0.895,6.940541
HD-Urban-V1,1Bed,56.88,0.373,2.25,0.312089,9,Floor,Thin Carpet on Concrete,0.25,3.0,0.94,7.022541
HD-Urban-V1,1Bed,55.8,0.363,0.09,0.800519,9,Floor,Marble,0.01,3.0,0.895,7.761636
GreenEdge-V3,1Bed,41.29,0.217,0.27,0.486519,9,Floor,Vinyl Tile,0.03,3.0,0.98,7.771636
Roadside-V2,1Bed,62.99,0.434,3.6,0.385258,9,Ceiling,"Plywood, 5mm, on Battens with 50mm Airspace Filled with Glass Wool",0.4,3.0,0.98,7.767217
Ind-Zone-V0,1Bed,80.75,0.612,1.26,0.351483,9,Ceiling,"Plaster (Gypsum or Lime, Rough Finish or Timber Lath)",0.14,3.0,0.981,8.706492
Roadside-V2,1Bed,60.32,0.408,1.8,0.26552,9,Ceiling,"Plaster Decorative Panels, Ceilings",0.2,3.0,0.791,6.732755
HD-Urban-V0,1Bed,60.93,0.414,0.657,0.425276,9,Window,Laminated Glass + Unpainted Brick,0.073,3.0,0.981,6.920755
HD-Urban-V0,1Bed,64.2,0.447,0.513,0.35523,9,Window,Single Pane Glass + Unpainted Brick,0.057,3.0,0.984,6.634755
HD-Urban-V0,"2Bed
",61.43,0.419,2.673,0.800995,9,Window,Large Pane Glass + Concrete Block (Painted),0.297,3.0,0.868,7.48136
MD-Urban-V2,"2Bed
",54.8,0.353,0.423,0.96988,9,Door,Laminated Glass Door + Plaster on Masonry,0.047,3.0,0.993,7.66936
Roadside-V1,"2Bed
",71.72,0.522,3.24,0.807355,9,Wall,Concrete Block (Coarse),0.36,3.0,0.993,7.38336
HD-Urban-V1,"2Bed
",57.27,0.377,0.45,0.587234,9,Wall,Gypsum Board,0.05,3.0,0.963,7.878619
GreenEdge-V3,"2Bed
",46.09,0.265,4.14,0.976251,9,Wall,Concrete Block (Painted),0.46,3.0,0.998,8.066619
Roadside-V2,"2Bed
",62.88,0.377,0.45,0.750583,9,Wall,Gypsum Board,0.05,3.0,0.985,7.780619
Roadside-V2,"2Bed
",61.97,0.367,0.63,1.140496,9,Floor,Wood Parquet,0.07,3.0,0.975,7.792083
HD-Urban-V0,"2Bed
",64.25,0.447,4.5,0.49248,9,Floor,Medium Pile Carpet,0.5,3.0,0.895,7.980083
HD-Urban-V1,"2Bed
",56.88,0.317,0.9,0.76063,9,Floor,Wood Flooring on Joists,0.1,3.0,0.828,7.694083
HD-Urban-V1,"2Bed
",55.8,0.306,2.25,0.570248,9,Ceiling,"100mm Woodwool Fixed Directly to Concrete, Pre-Screeded Surface Facing Backing",0.25,3.0,0.997,7.731159
GreenEdge-V3,"2Bed
",41.29,0.161,4.05,0.573464,9,Ceiling,"12% Perforated Plaster Tiles with Absorbent Felt, 200mm Ceiling Void",0.45,3.0,0.967,7.919159
Roadside-V2,"2Bed
",62.99,0.434,3.6,1.07933,9,Ceiling,"Plywood, 12mm, with 30mm Thick Fibreglass Backing Between 30mm Battens",0.4,3.0,0.985,7.633159
Ind-Zone-V0,"2Bed
",80.75,0.555,0.387,0.7,9,Window,Wired Glass + Plaster with Wallpaper Backing,0.043,3.0,0.975,7.48136
Roadside-V2,"2Bed
",60.32,0.385,2.565,0.790184,9,Window,Glazed Ceramic Tile + Concrete Block (Painted),0.285,3.0,0.984,7.66936
HD-Urban-V0,"2Bed
",60.93,0.414,0.963,0.951256,9,Window,Large Pane Glass + Wood Paneling,0.107,3.0,0.99,7.38336
HD-Urban-V0,"2Bed
",64.2,0.424,0.855,0.617845,9,Door,Fire-Rated Door with Mineral Core + Gypsum Board,0.095,3.0,0.973,7.48136
Ind-Zone-V0,"2Bed
",77.75,0.582,3.24,0.582981,9,Wall,Concrete Block (Coarse),0.36,3.0,0.837,7.66936
HD-Urban-V1,"2Bed
",57.61,0.381,0.18,0.620026,9,Wall,Plaster on Masonry,0.02,3.0,0.993,7.38336
HD-Urban-V1,"2Bed
",59.94,0.404,3.24,0.58777,9,Wall,Concrete Block (Coarse),0.36,3.0,0.805,7.48136
HD-Urban-V0,"2Bed
",64.25,0.435,4.5,0.49248,9,Floor,Medium Pile Carpet,0.5,3.0,0.5,7.771701
HD-Urban-V1,"2Bed
",56.88,0.3,4.5,0.76063,9,Floor,Thick Pile Carpet,0.5,3.0,0.5,7.731159
HD-Urban-V1,"2Bed
",55.8,0.313,0.45,0.570248,9,Ceiling,Sprayed Cellulose Fiber (16mm on Solid Backing),0.05,3.0,0.493,7.919159
GreenEdge-V3,"2Bed
",41.29,0.205,0.72,0.573464,9,Ceiling,Sprayed Cellulose Fiber (25mm on Solid Backing),0.08,3.0,0.483,7.633159
Roadside-V2,"2Bed
",62.99,0.422,1.08,1.07933,9,Ceiling,"Metal Ceiling, 32.5% Perforated, Backed by 30mm Rockwool",0.12,3.0,0.49,7.48136
Ind-Zone-V0,"2Bed
",80.75,0.626,0.288,0.7,9,Window,Glass Block + Plaster with Wallpaper Backing,0.032,3.0,0.483,7.66936
Roadside-V2,"2Bed
",60.32,0.375,2.853,0.790184,9,Window,Insulated Glazing Unit + Acoustic Plaster,0.317,3.0,0.478,7.38336
HD-Urban-V0,"2Bed
",60.93,0.364,0.288,0.951256,9,Window,Wired Glass + Plaster on Masonry,0.032,3.0,0.421,7.551845
HD-Urban-V0,"2Bed
",64.2,0.414,0.144,0.617845,9,Door,Sliding Wood Door + Painted Brick,0.016,3.0,0.412,7.273932
Ind-Zone-V0,"2Bed
",77.75,0.57,3.24,0.582981,9,Wall,Concrete Block (Coarse),0.36,3.0,0.399,6.525372
HD-Urban-V1,"2Bed
",57.61,0.471,4.14,0.620026,9,Wall,Concrete Block (Painted),0.46,3.0,0.486,7.238203
HD-Urban-V1,"2Bed
",59.94,0.453,1.35,0.58777,9,Wall,Wood Paneling,0.15,3.0,0.493,7.333203
HD-Urban-V0,"3Bed
",61.43,0.39,5.85,0.877916,9,Wall,Fiberglass Board,0.65,3.0,0.481,7.209203
MD-Urban-V2,"3Bed
",54.8,0.323,0.63,0.648612,9,Floor,Wood Parquet,0.07,3.0,0.372,6.974679
Roadside-V1,"3Bed
",71.72,0.448,4.5,0.722333,9,Floor,Thick Pile Carpet,0.5,3.0,0.309,7.51487
HD-Urban-V1,"3Bed
",57.27,0.301,0.63,0.643428,9,Floor,Wood Parquet,0.07,3.0,0.372,7.09287
GreenEdge-V3,"3Bed
",46.09,0.335,4.23,0.676471,9,Ceiling,Sprayed Cellulose Fiber (25mm on Timber Lath),0.47,3.0,0.917,8.396932
Roadside-V2,"3Bed
",62.88,0.384,2.7,1.176614,9,Ceiling,Perforated Underside of Structural Steel Decking,0.3,3.0,0.985,8.104932
Roadside-V2,"3Bed
",61.97,0.348,2.16,0.742886,9,Ceiling,Wood Tongue-and-Groove Roof Decking,0.24,3.0,0.94,8.128932
HD-Urban-V0,"3Bed
",64.25,0.398,0.225,1.359287,9,Window,Large Pane Glass + Plaster on Masonry,0.025,3.0,0.85,5.756849
HD-Urban-V1,"3Bed
",56.88,0.387,0.144,0.708211,9,Window,Glazed Ceramic Tile + Plaster on Masonry,0.016,3.0,0.985,5.710849
HD-Urban-V1,"3Bed
",55.8,0.287,0.324,0.472449,9,Window,Insulated Glazing Unit + Plaster with Wallpaper Backing,0.036,3.0,0.825,8.43915
GreenEdge-V3,"3Bed
",41.29,0.168,0.27,1.051524,9,Door,Double Pane Glass Door + Unpainted Brick,0.03,3.0,0.823,4.711636
Roadside-V2,"3Bed
",62.99,0.448,0.36,0.725407,9,Wall,Plaster with Wallpaper Backing,0.04,3.0,0.975,6.940541
Ind-Zone-V0,"3Bed
",80.75,0.579,0.18,0.5796,9,Wall,Plaster on Masonry,0.02,3.0,0.823,7.022541
Roadside-V2,"3Bed
",60.32,0.358,3.24,1.368272,9,Wall,Concrete Block (Coarse),0.36,3.0,0.993,7.761636
HD-Urban-V0,"3Bed
",60.93,0.428,5.85,0.880049,9,Wall,Fiberglass Board,0.65,3.0,0.805,7.771636
HD-Urban-V0,"3Bed
",64.2,0.43,0.09,0.63,9,Floor,Terrazzo,0.01,3.0,0.984,7.767217
Ind-Zone-V0,"3Bed
",77.75,0.566,0.09,0.651822,9,Floor,Marble,0.01,3.0,0.85,8.706492
HD-Urban-V1,"3Bed
",57.61,0.364,0.9,0.749806,9,Floor,Wood Flooring on Joists,0.1,3.0,0.94,6.732755
HD-Urban-V1,"3Bed
",59.94,0.388,4.23,0.824936,9,Ceiling,Sprayed Cellulose Fiber (25mm on Timber Lath),0.47,3.0,0.819,6.920755
HD-Urban-V0,"3Bed
",60.47,0.393,2.25,0.854363,9,Ceiling,"Plasterboard 10mm Thick, Perforated 8mm Diameter Holes with 25mm Bitumen-Bonded Fibreglass",0.25,3.0,0.983,6.634755
GreenEdge-V3,"3Bed
",47.87,0.353,0.9,0.602871,9,Ceiling,0.8mm Perforated Metal Tiles with 25mm Thick Resin-Bonded Fibreglass Slab,0.1,3.0,0.906,7.48136
Roadside-V1,"3Bed
",68.3,0.438,0.477,0.797908,9,Window,Double Pane Glass + Painted Brick,0.053,3.0,0.988,7.66936
GreenEdge-V3,"3Bed
",41.67,0.251,0.198,0.779661,9,Window,Glass Block + Unpainted Brick,0.022,3.0,0.823,7.38336
HD-Urban-V1,"3Bed
",58.9,0.381,0.864,1.388596,9,Window,Glazed Ceramic Tile + Wood Paneling,0.096,3.0,0.979,7.878619
HD-Urban-V0,"3Bed
",64.38,0.532,0.234,0.704938,9,Door,Solid Wood Door + Plaster on Masonry,0.026,3.0,0.805,8.066619
Ind-Zone-V0,"3Bed
",78.68,0.675,0.27,0.846873,9,Wall,Unpainted Brick,0.03,3.0,0.963,7.780619
MD-Urban-V2,"3Bed
",53.36,0.422,0.18,0.626053,9,Wall,Plaster on Masonry,0.02,3.0,0.975,7.792083
HD-Urban-V1,"3Bed
",59.85,0.486,0.18,1.230051,9,Wall,Plaster on Masonry,0.02,3.0,0.361,7.980083
HD-Urban-V0,1Bed,61.43,0.396,0.36,0.563067,9,Window,Large Pane Glass + Plaster with Wallpaper Backing,0.04,3.0,0.805,8.43915
MD-Urban-V2,1Bed,54.8,0.33,0.153,0.439392,9,Window,Glazed Ceramic Tile + Plaster on Masonry,0.017,3.0,0.975,4.711636
Roadside-V1,1Bed,71.72,0.499,2.187,0.503241,9,Window,Frosted Glass + Concrete Block (Coarse),0.243,3.0,0.917,6.940541
HD-Urban-V1,1Bed,57.27,0.354,2.187,0.477619,9,Window,Frosted Glass + Concrete Block (Coarse),0.243,3.0,0.997,7.022541
GreenEdge-V3,1Bed,46.09,0.242,3.582,0.554663,9,Door,Sliding Wood Door + Concrete Block (Painted),0.398,3.0,0.908,7.761636
Roadside-V2,1Bed,62.88,0.41,3.24,0.524836,9,Wall,Concrete Block (Coarse),0.36,3.0,0.992,7.771636
Roadside-V2,1Bed,61.97,0.367,0.27,0.337604,9,Wall,Unpainted Brick,0.03,3.0,0.993,7.767217
HD-Urban-V0,1Bed,64.25,0.447,2.7,0.308993,9,Floor,Thin Carpet on Wood,0.3,3.0,0.924,8.706492
HD-Urban-V1,1Bed,56.88,0.303,0.9,0.678527,9,Floor,Wood Flooring on Joists,0.1,3.0,0.821,6.732755
HD-Urban-V1,1Bed,55.8,0.293,2.7,0.558187,9,Floor,Thin Carpet on Wood,0.3,3.0,0.979,6.920755
GreenEdge-V3,1Bed,41.29,0.148,0.54,0.64587,9,Ceiling,"Mineral Wool Tiles, Glued/Screwed to Soffit",0.06,3.0,0.979,6.634755
Roadside-V2,1Bed,62.99,0.411,0.54,0.614254,9,Ceiling,"Mineral Wool Tiles, Glued/Screwed to Soffit",0.06,3.0,0.979,7.48136
Ind-Zone-V0,1Bed,80.75,0.555,0.9,0.388509,9,Ceiling,0.8mm Perforated Metal Tiles with 25mm Thick Resin-Bonded Fibreglass Slab,0.1,3.0,0.979,7.66936
Roadside-V2,1Bed,60.32,0.338,3.105,0.681398,9,Window,Glazed Ceramic Tile + Concrete Block (Painted),0.345,3.0,0.805,7.38336
HD-Urban-V0,1Bed,60.93,0.414,0.486,0.288425,9,Window,Frosted Glass + Gypsum Board,0.054,3.0,0.895,7.878619
HD-Urban-V0,1Bed,64.2,0.377,4.203,0.405465,9,Window,Double Pane Glass + Fiberglass Board,0.467,3.0,0.805,8.066619
Ind-Zone-V0,1Bed,77.75,0.525,0.387,0.238927,9,Door,Solid Wood Door + Plaster with Wallpaper Backing,0.043,3.0,0.85,7.780619
HD-Urban-V1,1Bed,57.61,0.311,0.36,0.430964,9,Wall,Plaster with Wallpaper Backing,0.04,3.0,0.94,7.792083
HD-Urban-V1,1Bed,59.94,0.347,0.27,0.33678,9,Wall,Unpainted Brick,0.03,3.0,0.8,7.980083
HD-Urban-V0,1Bed,60.47,0.379,5.85,0.51836,9,Wall,Fiberglass Board,0.65,6.0,0.984,7.694083
GreenEdge-V3,1Bed,47.87,0.253,4.5,0.542821,9,Wall,Acoustic Plaster,0.5,6.0,0.924,7.731159
Roadside-V1,1Bed,68.3,0.457,2.25,0.596802,9,Floor,Thin Carpet on Concrete,0.25,6.0,0.844,7.919159
GreenEdge-V3,1Bed,41.67,0.149,4.5,0.552759,9,Floor,Thick Pile Carpet,0.5,6.0,0.949,7.633159
HD-Urban-V1,1Bed,58.9,0.321,4.5,0.487253,9,Floor,Medium Pile Carpet,0.5,6.0,0.984,7.48136
HD-Urban-V0,1Bed,64.38,0.418,4.5,0.664527,9,Ceiling,0.8mm Unperforated Metal Panels Backed with 25mm Thick Resin Bonded Fibreglass,0.5,6.0,0.988,7.66936
HD-Urban-V0,"2Bed
",61.43,0.396,4.5,0.525285,9,Ceiling,0.8mm Unperforated Metal Panels Backed with 25mm Thick Resin Bonded Fibreglass,0.5,3.0,0.963,7.38336
MD-Urban-V2,"2Bed
",54.8,0.33,2.25,0.523861,9,Ceiling,"100mm Woodwool Fixed Directly to Concrete, Pre-Screeded Surface Facing Backing",0.25,3.0,0.979,7.48136
Roadside-V1,"2Bed
",71.72,0.499,0.477,1.00468,9,Window,Frosted Glass + Gypsum Board,0.053,3.0,0.984,7.66936
HD-Urban-V1,"2Bed
",57.27,0.307,0.864,1.094618,9,Window,Glass Block + Wood Paneling,0.096,3.0,0.984,7.38336
GreenEdge-V3,"2Bed
",46.09,0.196,0.252,0.578616,9,Window,Glazed Ceramic Tile + Plaster with Wallpaper Backing,0.028,3.0,0.917,7.48136
Roadside-V2,"2Bed
",62.88,0.377,1.215,0.810743,9,Door,Sliding Wood Door + Wood Paneling,0.135,3.0,0.94,7.66936
Roadside-V2,"2Bed
",61.97,0.401,4.14,0.70178,9,Wall,Concrete Block (Painted),0.46,3.0,0.985,7.38336
HD-Urban-V0,"2Bed
",64.25,0.39,0.45,0.878182,9,Wall,Gypsum Board,0.05,3.0,0.463,7.869701
HD-Urban-V1,"2Bed
",56.88,0.373,3.24,0.667127,9,Wall,Concrete Block (Coarse),0.36,3.0,0.483,8.057701
HD-Urban-V1,"2Bed
",55.8,0.293,5.85,0.748547,9,Wall,Fiberglass Board,0.65,3.0,0.483,7.771701
GreenEdge-V3,"2Bed
",41.29,0.217,1.35,0.519355,9,Floor,Cork Floor Tiles,0.15,3.0,0.295,7.731159
Roadside-V2,"2Bed
",62.99,0.365,0.9,0.712389,9,Floor,Wood Flooring on Joists,0.1,3.0,0.478,7.919159
Ind-Zone-V0,"2Bed
",80.75,0.612,2.25,0.715821,9,Floor,Thin Carpet on Concrete,0.25,3.0,0.497,7.633159
Roadside-V2,"2Bed
",60.32,0.338,1.8,0.693966,9,Ceiling,Plywood 12mm Thick Perforated 5mm Diameter Holes with 60mm Deep Air Space Behind,0.2,3.0,0.487,7.48136
HD-Urban-V0,"2Bed
",60.93,0.414,1.35,0.667588,9,Ceiling,Plasterboard (12mm) in Suspended Ceiling Grid,0.15,3.0,0.372,7.66936
HD-Urban-V0,"2Bed
",64.2,0.39,1.08,0.997419,9,Ceiling,"Metal Ceiling, 32.5% Perforated, Backed by 30mm Rockwool",0.12,3.0,0.308,7.38336
Ind-Zone-V0,"2Bed
",77.75,0.582,2.484,0.615483,9,Window,Insulated Glazing Unit + Concrete Block (Coarse),0.276,3.0,0.477,7.551845
HD-Urban-V1,"2Bed
",57.61,0.381,0.378,0.816913,9,Window,Small Pane Glass + Gypsum Board,0.042,3.0,0.476,7.273932
HD-Urban-V1,"2Bed
",59.94,0.374,0.396,0.593002,9,Window,Wired Glass + Plaster with Wallpaper Backing,0.044,6.0,0.421,6.525372
HD-Urban-V0,"2Bed
",60.47,0.379,3.645,0.842932,9,Door,Plywood Door + Concrete Block (Painted),0.405,6.0,0.504,7.238203
GreenEdge-V3,"2Bed
",47.87,0.253,0.45,0.518519,9,Wall,Gypsum Board,0.05,6.0,0.466,7.333203
Roadside-V1,"2Bed
",68.3,0.457,5.85,0.676234,9,Wall,Fiberglass Board,0.65,6.0,0.497,7.209203
GreenEdge-V3,"2Bed
",41.67,0.191,4.5,0.598884,9,Wall,Acoustic Plaster,0.5,6.0,0.412,6.974679
HD-Urban-V1,"2Bed
",58.9,0.363,0.45,0.714497,9,Wall,Gypsum Board,0.05,6.0,0.22,7.51487
HD-Urban-V0,"2Bed
",64.38,0.376,2.7,0.820731,9,Floor,Thin Carpet on Wood,0.3,6.0,0.497,7.09287
Ind-Zone-V0,"2Bed
",78.68,0.519,1.35,0.54042,9,Floor,Cork Floor Tiles,0.15,6.0,0.497,8.396932
MD-Urban-V2,"2Bed
",53.36,0.266,2.7,0.614699,9,Floor,Thin Carpet on Wood,0.3,6.0,0.496,8.104932
HD-Urban-V1,"2Bed
",59.85,0.343,0.9,0.853357,9,Ceiling,"Wood Panels, 18mm Alternate 15mm Slot & 35mm Wooden Slat with 25mm Rockwool Backing",0.1,6.0,0.494,8.128932
HD-Urban-V1,"2Bed
",56.49,0.358,1.35,0.575,9,Ceiling,"75mm Woodwool Fixed Directly to Concrete, Pre-Screeded Surface Facing Backing",0.15,6.0,0.489,5.756849
Roadside-V1,"2Bed
",72.15,0.454,1.35,0.415573,9,Ceiling,"75mm Woodwool Fixed Directly to Concrete, Pre-Screeded Surface Facing Backing",0.15,6.0,0.471,5.710849
HD-Urban-V0,"2Bed
",62.37,0.398,4.5,0.814503,9,Window,Frosted Glass + Fiberglass Board,0.5,6.0,0.492,8.43915
Roadside-V2,"2Bed
",63.01,0.362,0.432,0.970854,9,Window,Frosted Glass + Plaster with Wallpaper Backing,0.048,6.0,0.327,4.711636
HD-Urban-V1,"2Bed
",56.79,0.3,0.846,0.575342,9,Window,Double Pane Glass + Plaster with Wallpaper Backing,0.094,6.0,0.494,6.940541
HD-Urban-V1,"2Bed
",59.37,0.368,1.188,0.447015,9,Door,Double Pane Glass Door + Wood Paneling,0.132,6.0,0.466,7.022541
HD-Urban-V0,"3Bed
",61.43,0.396,5.85,0.687708,9,Wall,Fiberglass Board,0.65,3.0,0.309,7.761636
MD-Urban-V2,"3Bed
",54.8,0.33,0.27,0.785579,9,Wall,Unpainted Brick,0.03,3.0,0.998,7.771636
Roadside-V1,"3Bed
",71.72,0.522,5.85,0.482839,9,Wall,Fiberglass Board,0.65,3.0,0.805,7.767217
HD-Urban-V1,"3Bed
",57.27,0.32,4.14,0.67239,9,Wall,Concrete Block (Painted),0.46,3.0,0.917,8.706492
GreenEdge-V3,"3Bed
",46.09,0.196,0.9,0.883267,9,Floor,Wood Flooring on Joists,0.1,3.0,0.805,6.732755
Roadside-V2,"3Bed
",62.88,0.41,0.27,1.149088,9,Floor,Vinyl Tile,0.03,3.0,0.967,6.920755
Roadside-V2,"3Bed
",61.97,0.367,0.27,0.750194,9,Floor,Vinyl Tile,0.03,3.0,0.94,6.634755
HD-Urban-V0,"3Bed
",64.25,0.39,3.6,1.730149,9,Ceiling,"Plywood, 5mm, on Battens with 50mm Airspace Filled with Glass Wool",0.4,3.0,0.702,7.48136
HD-Urban-V1,"3Bed
",56.88,0.317,0.9,0.836364,9,Ceiling,0.8mm Perforated Metal Tiles with 25mm Thick Resin-Bonded Fibreglass Slab,0.1,3.0,0.805,7.66936
HD-Urban-V1,"3Bed
",55.8,0.34,1.71,0.752337,9,Ceiling,"Metal Deck (Perforated Channels, 25mm Batts)",0.19,3.0,0.988,7.38336
GreenEdge-V3,"3Bed
",41.29,0.217,0.135,0.489114,9,Window,Small Pane Glass + Painted Brick,0.015,3.0,0.994,7.878619
Roadside-V2,"3Bed
",62.99,0.434,3.159,0.824232,9,Window,Double Pane Glass + Concrete Block (Painted),0.351,3.0,0.887,8.066619
Ind-Zone-V0,"3Bed
",80.75,0.612,0.864,0.554323,9,Window,Laminated Glass + Unpainted Brick,0.096,3.0,0.994,7.780619
Roadside-V2,"3Bed
",60.32,0.408,0.162,0.748257,9,Door,Solid Wood Door + Painted Brick,0.018,3.0,0.99,7.792083
HD-Urban-V0,"3Bed
",60.93,0.414,0.18,0.797249,9,Wall,Plaster on Masonry,0.02,3.0,0.831,7.980083
HD-Urban-V0,"3Bed
",64.2,0.374,0.09,0.928549,9,Wall,Painted Brick,0.01,6.0,0.868,7.694083
Ind-Zone-V0,"3Bed
",77.75,0.552,4.14,0.895827,9,Wall,Concrete Block (Painted),0.46,6.0,0.868,7.731159
HD-Urban-V1,"3Bed
",57.61,0.32,0.18,0.880583,9,Wall,Plaster on Masonry,0.02,6.0,0.738,7.919159
HD-Urban-V1,"3Bed
",59.94,0.393,4.5,0.715202,9,Floor,Medium Pile Carpet,0.5,6.0,0.963,7.633159
HD-Urban-V0,"3Bed
",60.47,0.379,0.09,0.894445,9,Floor,Marble,0.01,6.0,0.963,7.48136
GreenEdge-V3,"3Bed
",47.87,0.223,0.9,1.032051,9,Floor,Wood Flooring on Joists,0.1,6.0,0.984,7.66936
Roadside-V1,"3Bed
",68.3,0.476,0.9,0.593245,9,Ceiling,0.8mm Perforated Metal Tiles with 25mm Thick Resin-Bonded Fibreglass Slab,0.1,6.0,0.805,7.38336
GreenEdge-V3,"3Bed
",41.67,0.191,3.78,0.769108,9,Ceiling,"Mineral Wool Tiles, 180mm Airspace",0.42,6.0,0.975,7.48136
HD-Urban-V1,"3Bed
",58.9,0.333,3.6,0.891418,9,Ceiling,Plywood 12mm Thick Perforated 5mm Diameter Holes with 60mm Thick Fibreglass Between Mounting Battens,0.4,6.0,0.967,7.66936
HD-Urban-V0,"3Bed
",64.38,0.376,2.151,0.85613,9,Window,Wired Glass + Concrete Block (Coarse),0.239,6.0,0.976,7.38336
Ind-Zone-V0,"3Bed
",78.68,0.58,3.582,0.658487,9,Window,Single Pane Glass + Acoustic Plaster,0.398,6.0,0.994,7.48136
MD-Urban-V2,"3Bed
",53.36,0.266,0.864,0.752141,9,Window,Glazed Ceramic Tile + Wood Paneling,0.096,6.0,0.8,7.66936
HD-Urban-V1,"3Bed
",59.85,0.331,3.231,0.866627,9,Window,Laminated Glass + Concrete Block (Painted),0.359,6.0,0.978,7.38336
HD-Urban-V1,"3Bed
",56.49,0.297,0.27,0.937864,9,Door,Double Pane Glass Door + Unpainted Brick,0.03,6.0,0.957,7.869701
Roadside-V1,"3Bed
",72.15,0.496,0.45,0.824936,9,Wall,Gypsum Board,0.05,6.0,0.985,8.057701
HD-Urban-V0,"3Bed
",62.37,0.417,0.27,0.769517,9,Wall,Unpainted Brick,0.03,6.0,0.978,7.771701
Roadside-V2,"3Bed
",63.01,0.405,5.85,0.63483,9,Wall,Fiberglass Board,0.65,6.0,0.984,7.731159
HD-Urban-V1,"3Bed
",56.79,0.342,4.5,0.562391,9,Floor,Medium Pile Carpet,0.5,6.0,0.998,7.919159
HD-Urban-V1,"3Bed
",59.37,0.368,4.5,0.753706,9,Floor,Thick Pile Carpet,0.5,6.0,0.805,7.633159
MD-Urban-V2,"3Bed
",52.87,0.303,4.5,0.593974,9,Floor,Thick Pile Carpet,0.5,6.0,0.463,7.48136
Ind-Zone-V0,"3Bed
",76.09,0.535,2.43,0.667896,9,Ceiling,"Hardboard, 25% Perforated Over 50mm Mineral Wool",0.27,6.0,0.502,7.66936
HD-Urban-V0,1Bed,61.43,0.396,2.43,0.280552,9,Ceiling,"Hardboard, 25% Perforated Over 50mm Mineral Wool",0.27,3.0,0.328,7.38336
MD-Urban-V2,1Bed,54.8,0.33,6.57,0.431157,9,Ceiling,"Metal Deck (Perforated Channels, 75mm Batts)",0.73,3.0,0.327,7.551845
Roadside-V1,1Bed,71.72,0.499,0.09,0.522565,9,Window,Glass Block + Painted Brick,0.01,3.0,0.465,7.273932
HD-Urban-V1,1Bed,57.27,0.354,2.637,0.312289,9,Window,Small Pane Glass + Concrete Block (Painted),0.293,3.0,0.483,6.525372
GreenEdge-V3,1Bed,46.09,0.242,0.864,0.406317,9,Window,Laminated Glass + Unpainted Brick,0.096,3.0,0.478,7.238203
Roadside-V2,1Bed,62.88,0.41,1.818,0.542517,9,Door,Steel Door with Acoustic Treatment + Wood Paneling,0.202,3.0,0.309,7.333203
Roadside-V2,1Bed,61.97,0.367,0.09,0.270045,9,Wall,Painted Brick,0.01,3.0,0.309,7.209203
HD-Urban-V0,1Bed,64.25,0.447,5.85,0.548056,9,Wall,Fiberglass Board,0.65,3.0,0.444,6.974679
HD-Urban-V1,1Bed,56.88,0.303,3.24,0.424526,9,Wall,Concrete Block (Coarse),0.36,3.0,0.313,7.51487
HD-Urban-V1,1Bed,55.8,0.293,0.36,0.320047,9,Wall,Plaster with Wallpaper Backing,0.04,3.0,0.339,7.09287
GreenEdge-V3,1Bed,41.29,0.148,0.09,0.346689,9,Floor,Terrazzo,0.01,3.0,0.469,8.396932
Roadside-V2,1Bed,62.99,0.411,0.9,0.373059,9,Floor,Wood Flooring on Joists,0.1,3.0,0.483,8.104932
Ind-Zone-V0,1Bed,80.75,0.555,2.7,0.364888,9,Floor,Thin Carpet on Wood,0.3,3.0,0.467,8.128932
Roadside-V2,1Bed,60.32,0.338,4.5,0.417736,9,Ceiling,0.8mm Unperforated Metal Panels Backed with 25mm Thick Resin Bonded Fibreglass,0.5,3.0,0.467,5.756849
HD-Urban-V0,1Bed,60.93,0.414,0.9,0.600511,9,Ceiling,Sprayed Cellulose Fiber (32mm on Solid Backing),0.1,3.0,0.917,5.710849
HD-Urban-V0,1Bed,64.2,0.377,0.9,0.380852,9,Ceiling,"Wood Panels, 18mm Alternate 15mm Slot & 35mm Wooden Slat with 25mm Rockwool Backing",0.1,3.0,0.998,8.43915
Ind-Zone-V0,1Bed,77.75,0.525,0.162,0.414154,9,Window,Insulated Glazing Unit + Painted Brick,0.018,3.0,0.94,4.711636
HD-Urban-V1,1Bed,57.61,0.311,0.207,0.333295,9,Window,Insulated Glazing Unit + Plaster on Masonry,0.023,3.0,0.917,6.940541
HD-Urban-V1,1Bed,59.94,0.347,0.288,0.410285,9,Window,Wired Glass + Plaster on Masonry,0.032,3.0,0.998,7.022541
HD-Urban-V0,1Bed,60.47,0.379,1.62,0.518916,9,Door,Fire-Rated Door with Mineral Core + Wood Paneling,0.18,6.0,0.778,7.761636
GreenEdge-V3,1Bed,47.87,0.253,0.18,0.441803,9,Wall,Plaster on Masonry,0.02,6.0,0.975,7.771636
Roadside-V1,1Bed,68.3,0.457,4.14,0.452351,9,Wall,Concrete Block (Painted),0.46,6.0,0.984,7.767217
GreenEdge-V3,1Bed,41.67,0.149,4.5,0.422854,9,Wall,Acoustic Plaster,0.5,6.0,0.963,8.706492
HD-Urban-V1,1Bed,58.9,0.321,0.45,0.603512,9,Wall,Gypsum Board,0.05,6.0,0.738,6.732755
HD-Urban-V0,1Bed,64.38,0.418,2.25,0.296478,9,Floor,Thin Carpet on Concrete,0.25,6.0,0.975,6.920755
HD-Urban-V0,"2Bed
",61.43,0.396,0.9,0.525285,9,Floor,Wood Flooring on Joists,0.1,3.0,0.975,6.634755
MD-Urban-V2,"2Bed
",54.8,0.33,1.35,0.523861,9,Floor,Cork Floor Tiles,0.15,3.0,0.895,7.48136
Roadside-V1,"2Bed
",71.72,0.499,2.16,1.00468,9,Ceiling,Wood Tongue-and-Groove Roof Decking,0.24,3.0,0.895,7.66936
HD-Urban-V1,"2Bed
",57.27,0.307,1.35,1.094618,9,Ceiling,Plasterboard (12mm) in Suspended Ceiling Grid,0.15,3.0,1.0,7.38336
GreenEdge-V3,"2Bed
",46.09,0.196,3.6,0.578616,9,Ceiling,Plywood 12mm Thick Perforated 5mm Diameter Holes with 60mm Thick Fibreglass Between Mounting Battens,0.4,3.0,0.957,7.878619
Roadside-V2,"2Bed
",62.88,0.377,3.375,0.810743,9,Window,Glass Block + Acoustic Plaster,0.375,3.0,0.987,8.066619
Roadside-V2,"2Bed
",61.97,0.401,0.378,0.70178,9,Window,Insulated Glazing Unit + Gypsum Board,0.042,3.0,0.835,7.780619
HD-Urban-V0,"2Bed
",64.25,0.39,0.846,0.878182,9,Window,Double Pane Glass + Plaster with Wallpaper Backing,0.094,3.0,0.738,7.792083
HD-Urban-V1,"2Bed
",56.88,0.373,1.215,0.667127,9,Door,Sliding Wood Door + Wood Paneling,0.135,3.0,0.988,7.980083
HD-Urban-V1,"2Bed
",55.8,0.293,4.5,0.748547,9,Wall,Acoustic Plaster,0.5,3.0,0.998,7.694083
GreenEdge-V3,"2Bed
",41.29,0.217,0.27,0.519355,9,Wall,Unpainted Brick,0.03,3.0,0.895,7.731159
Roadside-V2,"2Bed
",62.99,0.365,1.35,0.712389,9,Wall,Wood Paneling,0.15,3.0,0.85,7.919159
Ind-Zone-V0,"2Bed
",80.75,0.612,4.14,0.715821,9,Wall,Concrete Block (Painted),0.46,3.0,0.361,7.633159
Roadside-V2,"2Bed
",60.32,0.338,0.63,0.693966,9,Floor,Wood Parquet,0.07,3.0,0.49,7.48136
HD-Urban-V0,"2Bed
",60.93,0.414,2.7,0.667588,9,Floor,Thin Carpet on Wood,0.3,3.0,0.49,7.66936
HD-Urban-V0,"2Bed
",64.2,0.39,0.09,0.997419,9,Floor,Terrazzo,0.01,3.0,0.485,7.38336
Ind-Zone-V0,"2Bed
",77.75,0.582,0.45,0.615483,9,Ceiling,Sprayed Cellulose Fiber (16mm on Solid Backing),0.05,3.0,0.465,7.48136
HD-Urban-V1,"2Bed
",57.61,0.381,3.6,0.816913,9,Ceiling,"Plywood, 5mm, on Battens with 50mm Airspace Filled with Glass Wool",0.4,3.0,0.492,7.66936
HD-Urban-V1,"2Bed
",59.94,0.374,6.57,0.593002,9,Ceiling,"Metal Deck (Perforated Channels, 75mm Batts)",0.73,6.0,0.496,7.38336
HD-Urban-V0,"2Bed
",60.47,0.379,2.187,0.842932,9,Window,Frosted Glass + Concrete Block (Coarse),0.243,6.0,0.488,7.48136
GreenEdge-V3,"2Bed
",47.87,0.253,3.312,0.518519,9,Window,Single Pane Glass + Concrete Block (Painted),0.368,6.0,0.478,7.66936
Roadside-V1,"2Bed
",68.3,0.457,3.789,0.676234,9,Window,Frosted Glass + Fiberglass Board,0.421,6.0,0.308,7.38336
GreenEdge-V3,"2Bed
",41.67,0.191,2.016,0.598884,9,Window,Glass Block + Concrete Block (Coarse),0.224,6.0,0.306,7.869701
HD-Urban-V1,"2Bed
",58.9,0.363,3.645,0.714497,9,Door,Plywood Door + Concrete Block (Painted),0.405,6.0,0.422,8.057701
HD-Urban-V0,"2Bed
",64.38,0.376,0.27,0.820731,9,Wall,Unpainted Brick,0.03,6.0,0.445,7.771701
Ind-Zone-V0,"2Bed
",78.68,0.519,0.45,0.54042,9,Wall,Gypsum Board,0.05,6.0,0.444,7.731159
MD-Urban-V2,"2Bed
",53.36,0.266,0.27,0.614699,9,Wall,Unpainted Brick,0.03,6.0,0.483,7.919159
HD-Urban-V1,"2Bed
",59.85,0.343,0.9,0.853357,9,Floor,Wood Flooring on Joists,0.1,6.0,0.489,7.633159
HD-Urban-V1,"2Bed
",56.49,0.358,4.5,0.575,9,Floor,Medium Pile Carpet,0.5,6.0,0.504,7.48136
Roadside-V1,"2Bed
",72.15,0.454,1.35,0.415573,9,Floor,Cork Floor Tiles,0.15,6.0,0.334,7.66936
HD-Urban-V0,"2Bed
",62.37,0.398,1.08,0.814503,9,Ceiling,"Metal Ceiling, 32.5% Perforated, Backed by 30mm Rockwool",0.12,6.0,0.483,7.38336
Roadside-V2,"2Bed
",63.01,0.362,0.9,0.970854,9,Ceiling,"Wood Panels, 18mm Alternate 15mm Slot & 35mm Wooden Slat with 25mm Rockwool Backing",0.1,6.0,0.963,7.551845
HD-Urban-V1,"2Bed
",56.79,0.3,2.7,0.575342,9,Ceiling,Plasterboard 10mm Thick Backed with 25mm Thick Bitumen,0.3,6.0,0.963,7.273932
HD-Urban-V1,"2Bed
",59.37,0.368,1.143,0.447015,9,Window,Frosted Glass + Wood Paneling,0.127,6.0,0.993,6.525372
HD-Urban-V0,"3Bed
",61.43,0.396,2.961,0.687708,9,Window,Frosted Glass + Acoustic Plaster,0.329,3.0,0.975,7.238203
MD-Urban-V2,"3Bed
",54.8,0.33,0.378,0.785579,9,Window,Small Pane Glass + Gypsum Board,0.042,3.0,0.985,7.333203
Roadside-V1,"3Bed
",71.72,0.522,3.951,0.482839,9,Door,Plywood Door + Acoustic Plaster,0.439,3.0,0.975,7.209203
HD-Urban-V1,"3Bed
",57.27,0.32,3.24,0.67239,9,Wall,Concrete Block (Coarse),0.36,3.0,0.94,6.974679
GreenEdge-V3,"3Bed
",46.09,0.196,1.35,0.883267,9,Wall,Wood Paneling,0.15,3.0,0.963,7.51487
Roadside-V2,"3Bed
",62.88,0.41,4.5,1.149088,9,Wall,Acoustic Plaster,0.5,3.0,0.805,7.09287
Roadside-V2,"3Bed
",61.97,0.367,5.85,0.750194,9,Wall,Fiberglass Board,0.65,3.0,0.975,8.396932
HD-Urban-V0,"3Bed
",64.25,0.39,0.9,1.730149,9,Floor,Wood Flooring on Joists,0.1,3.0,0.975,8.104932
HD-Urban-V1,"3Bed
",56.88,0.317,2.7,0.836364,9,Floor,Thin Carpet on Wood,0.3,3.0,0.998,8.128932
HD-Urban-V1,"3Bed
",55.8,0.34,2.7,0.752337,9,Floor,Thin Carpet on Wood,0.3,3.0,0.82,5.756849
GreenEdge-V3,"3Bed
",41.29,0.217,6.3,0.489114,9,Ceiling,Sprayed Cellulose Fiber (75mm on Solid Backing),0.7,3.0,0.984,5.710849
Roadside-V2,"3Bed
",62.99,0.434,1.8,0.824232,9,Ceiling,50mm Mineral Wool Behind 25% Open Area Perforated Steel,0.2,3.0,0.963,8.43915
Ind-Zone-V0,"3Bed
",80.75,0.612,2.16,0.554323,9,Ceiling,Wood Tongue-and-Groove Roof Decking,0.24,3.0,0.868,4.711636
Roadside-V2,"3Bed
",60.32,0.408,0.288,0.748257,9,Window,Glass Block + Plaster with Wallpaper Backing,0.032,3.0,0.984,6.940541
HD-Urban-V0,"3Bed
",60.93,0.414,0.144,0.797249,9,Window,Glass Block + Plaster on Masonry,0.016,3.0,0.998,7.022541
HD-Urban-V0,"3Bed
",64.2,0.374,3.447,0.928549,9,Window,Laminated Glass + Acoustic Plaster,0.383,6.0,0.805,7.761636
Ind-Zone-V0,"3Bed
",77.75,0.552,0.432,0.895827,9,Door,Hollow-Core Wood Door + Unpainted Brick,0.048,6.0,0.975,7.771636
HD-Urban-V1,"3Bed
",57.61,0.32,5.85,0.880583,9,Wall,Fiberglass Board,0.65,6.0,0.917,7.767217
HD-Urban-V1,"3Bed
",59.94,0.393,1.35,0.715202,9,Wall,Wood Paneling,0.15,6.0,0.997,8.706492
HD-Urban-V0,"3Bed
",60.47,0.379,4.5,0.894445,9,Wall,Acoustic Plaster,0.5,6.0,0.908,6.732755
GreenEdge-V3,"3Bed
",47.87,0.223,0.27,1.032051,9,Wall,Unpainted Brick,0.03,6.0,0.992,6.920755
Roadside-V1,"3Bed
",68.3,0.476,0.09,0.593245,9,Floor,Marble,0.01,6.0,0.993,6.634755
GreenEdge-V3,"3Bed
",41.67,0.191,2.25,0.769108,9,Floor,Thin Carpet on Concrete,0.25,6.0,0.924,7.48136
HD-Urban-V1,"3Bed
",58.9,0.333,2.25,0.891418,9,Floor,Thin Carpet on Concrete,0.25,6.0,0.821,7.66936
HD-Urban-V0,"3Bed
",64.38,0.376,2.43,0.85613,9,Ceiling,"Hardboard, 25% Perforated Over 50mm Mineral Wool",0.27,6.0,0.979,7.38336
Ind-Zone-V0,"3Bed
",78.68,0.58,0.09,0.658487,9,Ceiling,"Plaster (Gypsum or Lime, on Masonry)",0.01,6.0,0.979,7.878619
MD-Urban-V2,"3Bed
",53.36,0.266,1.35,0.752141,9,Ceiling,"75mm Woodwool Fixed Directly to Concrete, Pre-Screeded Surface Facing Backing",0.15,6.0,0.979,8.066619
HD-Urban-V1,"3Bed
",59.85,0.331,4.5,0.866627,9,Window,Frosted Glass + Fiberglass Board,0.5,6.0,0.979,7.780619
HD-Urban-V1,"3Bed
",56.49,0.297,3.609,0.937864,9,Window,Glass Block + Fiberglass Board,0.401,6.0,0.805,7.792083
Roadside-V1,"3Bed
",72.15,0.496,0.864,0.824936,9,Window,Glazed Ceramic Tile + Wood Paneling,0.096,6.0,0.895,7.980083
HD-Urban-V0,"3Bed
",62.37,0.417,0.504,0.769517,9,Door,Laminated Glass Door + Unpainted Brick,0.056,6.0,0.805,7.694083
Roadside-V2,"3Bed
",63.01,0.405,0.18,0.63483,9,Wall,Plaster on Masonry,0.02,6.0,0.85,7.731159
HD-Urban-V1,"3Bed
",56.79,0.342,0.45,0.562391,9,Wall,Gypsum Board,0.05,6.0,0.94,7.919159
HD-Urban-V1,"3Bed
",59.37,0.368,0.18,0.753706,9,Wall,Plaster on Masonry,0.02,6.0,0.8,7.633159
MD-Urban-V2,"3Bed
",52.87,0.303,0.09,0.593974,9,Wall,Painted Brick,0.01,6.0,0.984,7.48136
Ind-Zone-V0,"3Bed
",76.09,0.535,0.27,0.667896,9,Floor,Vinyl Tile,0.03,6.0,0.924,7.66936
HD-Urban-V0,1Bed,61.43,0.396,0.63,0.280552,9,Floor,Wood Parquet,0.07,3.0,0.844,7.38336
MD-Urban-V2,1Bed,54.8,0.33,0.9,0.431157,9,Floor,Wood Flooring on Joists,0.1,3.0,0.949,7.48136
Roadside-V1,1Bed,71.72,0.499,6.3,0.522565,9,Ceiling,Sprayed Cellulose Fiber (75mm on Solid Backing),0.7,3.0,0.984,7.66936
HD-Urban-V1,1Bed,57.27,0.354,0.9,0.312289,9,Ceiling,0.8mm Perforated Metal Tiles with 25mm Thick Resin-Bonded Fibreglass Slab,0.1,3.0,0.988,7.38336
GreenEdge-V3,1Bed,46.09,0.242,2.7,0.406317,9,Ceiling,"50mm Woodwool Slabs on 25mm Cavity, Pre-Screeded Surface Facing Cavity",0.3,3.0,0.963,7.48136
Roadside-V2,1Bed,62.88,0.41,0.612,0.542517,9,Window,Double Pane Glass + Unpainted Brick,0.068,3.0,0.979,7.66936
Roadside-V2,1Bed,61.97,0.367,2.925,0.270045,9,Window,Wired Glass + Acoustic Plaster,0.325,3.0,0.984,7.38336
HD-Urban-V0,1Bed,64.25,0.447,0.81,0.548056,9,Window,Laminated Glass + Plaster on Masonry,0.09,3.0,0.984,7.869701
HD-Urban-V1,1Bed,56.88,0.303,0.369,0.424526,9,Door,Plywood Door + Unpainted Brick,0.041,3.0,0.917,8.057701
HD-Urban-V1,1Bed,55.8,0.293,4.5,0.320047,9,Wall,Acoustic Plaster,0.5,3.0,0.94,7.771701
GreenEdge-V3,1Bed,41.29,0.148,0.09,0.346689,9,Wall,Painted Brick,0.01,3.0,0.985,7.731159
Roadside-V2,1Bed,62.99,0.411,5.85,0.373059,9,Wall,Fiberglass Board,0.65,3.0,0.463,7.919159
Ind-Zone-V0,1Bed,80.75,0.555,0.27,0.364888,9,Wall,Unpainted Brick,0.03,3.0,0.483,7.633159
Roadside-V2,1Bed,60.32,0.338,4.5,0.417736,9,Floor,Medium Pile Carpet,0.5,3.0,0.483,7.48136
HD-Urban-V0,1Bed,60.93,0.414,0.9,0.600511,9,Floor,Wood Flooring on Joists,0.1,3.0,0.295,7.66936
HD-Urban-V0,1Bed,64.2,0.377,0.9,0.380852,9,Floor,Wood Flooring on Joists,0.1,3.0,0.478,7.38336
Ind-Zone-V0,1Bed,77.75,0.525,0.9,0.414154,9,Ceiling,"Wood Panels, 18mm Alternate 15mm Slot & 35mm Wooden Slat with 25mm Rockwool Backing",0.1,3.0,0.497,7.551845
HD-Urban-V1,1Bed,57.61,0.311,6.3,0.333295,9,Ceiling,Sprayed Cellulose Fiber (75mm on Solid Backing),0.7,3.0,0.487,7.273932
HD-Urban-V1,1Bed,59.94,0.347,4.05,0.410285,9,Ceiling,"12% Perforated Plaster Tiles with Absorbent Felt, 200mm Ceiling Void",0.45,3.0,0.372,6.525372
HD-Urban-V0,1Bed,60.47,0.379,3.375,0.518916,9,Window,Glass Block + Acoustic Plaster,0.375,6.0,0.308,7.238203
GreenEdge-V3,1Bed,47.87,0.253,3.789,0.441803,9,Window,Frosted Glass + Fiberglass Board,0.421,6.0,0.477,7.333203
Roadside-V1,1Bed,68.3,0.457,0.144,0.452351,9,Window,Glazed Ceramic Tile + Plaster on Masonry,0.016,6.0,0.476,7.209203
GreenEdge-V3,1Bed,41.67,0.149,0.36,0.422854,9,Door,Single Pane Glass Door + Plaster with Wallpaper Backing,0.04,6.0,0.421,6.974679
HD-Urban-V1,1Bed,58.9,0.321,5.85,0.603512,9,Wall,Fiberglass Board,0.65,6.0,0.504,7.51487
HD-Urban-V0,1Bed,64.38,0.418,1.35,0.296478,9,Wall,Wood Paneling,0.15,6.0,0.466,7.09287
HD-Urban-V0,"2Bed
",61.43,0.396,4.5,0.525285,9,Wall,Acoustic Plaster,0.5,3.0,0.497,8.396932
MD-Urban-V2,"2Bed
",54.8,0.33,5.85,0.523861,9,Wall,Fiberglass Board,0.65,3.0,0.412,8.104932
Roadside-V1,"2Bed
",71.72,0.499,0.9,1.00468,9,Floor,Wood Flooring on Joists,0.1,3.0,0.22,8.128932
HD-Urban-V1,"2Bed
",57.27,0.307,0.9,1.094618,9,Floor,Wood Flooring on Joists,0.1,3.0,0.497,5.756849
GreenEdge-V3,"2Bed
",46.09,0.196,4.5,0.578616,9,Floor,Medium Pile Carpet,0.5,3.0,0.497,5.710849
Roadside-V2,"2Bed
",62.88,0.377,3.6,0.810743,9,Ceiling,"Plywood, 12mm, with 30mm Thick Fibreglass Backing Between 30mm Battens",0.4,3.0,0.496,8.43915
Roadside-V2,"2Bed
",61.97,0.401,0.45,0.70178,9,Ceiling,Sprayed Cellulose Fiber (16mm on Solid Backing),0.05,3.0,0.494,4.711636
HD-Urban-V0,"2Bed
",64.25,0.39,2.25,0.878182,9,Ceiling,"100mm Woodwool Fixed Directly to Concrete, Pre-Screeded Surface Facing Backing",0.25,3.0,0.489,6.940541
HD-Urban-V1,"2Bed
",56.88,0.373,0.342,0.667127,9,Window,Frosted Glass + Unpainted Brick,0.038,3.0,0.471,7.022541
HD-Urban-V1,"2Bed
",55.8,0.293,2.151,0.748547,9,Window,Wired Glass + Concrete Block (Coarse),0.239,3.0,0.492,7.761636
GreenEdge-V3,"2Bed
",41.29,0.217,0.288,0.519355,9,Window,Wired Glass + Plaster on Masonry,0.032,3.0,0.327,7.771636
Roadside-V2,"2Bed
",62.99,0.365,4.113,0.712389,9,Door,Acoustic Door + Concrete Block (Painted),0.457,3.0,0.494,7.767217
Ind-Zone-V0,"2Bed
",80.75,0.612,4.14,0.715821,9,Wall,Concrete Block (Painted),0.46,3.0,0.466,8.706492
Roadside-V2,"2Bed
",60.32,0.338,0.27,0.693966,9,Wall,Unpainted Brick,0.03,3.0,0.309,6.732755
HD-Urban-V0,"2Bed
",60.93,0.414,0.36,0.667588,9,Wall,Plaster with Wallpaper Backing,0.04,3.0,0.998,6.920755
HD-Urban-V0,"2Bed
",64.2,0.39,5.85,0.997419,9,Wall,Fiberglass Board,0.65,3.0,0.805,6.634755
Ind-Zone-V0,"2Bed
",77.75,0.582,4.5,0.615483,9,Floor,Thick Pile Carpet,0.5,3.0,0.917,7.48136
HD-Urban-V1,"2Bed
",57.61,0.381,0.9,0.816913,9,Floor,Wood Flooring on Joists,0.1,3.0,0.805,7.66936
HD-Urban-V1,"2Bed
",59.94,0.374,4.5,0.593002,9,Floor,Medium Pile Carpet,0.5,6.0,0.967,7.38336
HD-Urban-V0,"2Bed
",60.47,0.379,2.7,0.842932,9,Ceiling,Plasterboard 10mm Thick Backed with 25mm Thick Bitumen,0.3,6.0,0.94,7.878619
GreenEdge-V3,"2Bed
",47.87,0.253,2.7,0.518519,9,Ceiling,Perforated Underside of Structural Steel Decking,0.3,6.0,0.702,8.066619
Roadside-V1,"2Bed
",68.3,0.457,3.78,0.676234,9,Ceiling,"Mineral Wool Tiles, 180mm Airspace",0.42,6.0,0.805,7.780619
GreenEdge-V3,"2Bed
",41.67,0.191,0.297,0.598884,9,Window,Large Pane Glass + Unpainted Brick,0.033,6.0,0.988,7.792083
HD-Urban-V1,"2Bed
",58.9,0.363,0.378,0.714497,9,Window,Frosted Glass + Unpainted Brick,0.042,6.0,0.994,7.980083
HD-Urban-V0,"2Bed
",64.38,0.376,3.717,0.820731,9,Window,Large Pane Glass + Fiberglass Board,0.413,6.0,0.887,7.694083
Ind-Zone-V0,"2Bed
",78.68,0.519,0.522,0.54042,9,Door,Plywood Door + Gypsum Board,0.058,6.0,0.994,7.731159
MD-Urban-V2,"2Bed
",53.36,0.266,4.14,0.614699,9,Wall,Concrete Block (Painted),0.46,6.0,0.99,7.919159
HD-Urban-V1,"2Bed
",59.85,0.343,1.35,0.853357,9,Wall,Wood Paneling,0.15,6.0,0.831,7.633159
HD-Urban-V1,"2Bed
",56.49,0.358,3.24,0.575,9,Wall,Concrete Block (Coarse),0.36,6.0,0.868,7.48136
Roadside-V1,"2Bed
",72.15,0.454,0.27,0.415573,9,Wall,Unpainted Brick,0.03,6.0,0.868,7.66936
HD-Urban-V0,"2Bed
",62.37,0.398,2.25,0.814503,9,Floor,Thin Carpet on Concrete,0.25,6.0,0.738,7.38336
Roadside-V2,"2Bed
",63.01,0.362,2.7,0.970854,9,Floor,Thin Carpet on Wood,0.3,6.0,0.963,7.48136
HD-Urban-V1,"2Bed
",56.79,0.3,2.7,0.575342,9,Floor,Thin Carpet on Wood,0.3,6.0,0.963,7.66936
HD-Urban-V1,"2Bed
",59.37,0.368,6.57,0.447015,9,Ceiling,"Metal Deck (Perforated Channels, 75mm Batts)",0.73,6.0,0.984,7.38336
HD-Urban-V0,"3Bed
",61.43,0.396,0.54,0.687708,9,Ceiling,"Mineral Wool Tiles, Glued/Screwed to Soffit",0.06,3.0,0.805,7.48136
MD-Urban-V2,"3Bed
",54.8,0.33,0.09,0.785579,9,Ceiling,"Plaster (Gypsum or Lime, on Masonry)",0.01,3.0,0.975,7.66936
Roadside-V1,"3Bed
",71.72,0.522,0.792,0.482839,9,Window,Laminated Glass + Gypsum Board,0.088,3.0,0.967,7.38336
HD-Urban-V1,"3Bed
",57.27,0.32,3.231,0.67239,9,Window,Laminated Glass + Concrete Block (Painted),0.359,3.0,0.976,7.869701
GreenEdge-V3,"3Bed
",46.09,0.196,2.781,0.883267,9,Window,Glazed Ceramic Tile + Acoustic Plaster,0.309,3.0,0.994,8.057701
Roadside-V2,"3Bed
",62.88,0.41,0.657,1.149088,9,Door,Laminated Glass Door + Gypsum Board,0.073,3.0,0.8,7.771701
Roadside-V2,"3Bed
",61.97,0.367,0.45,0.750194,9,Wall,Gypsum Board,0.05,3.0,0.978,7.731159
HD-Urban-V0,"3Bed
",64.25,0.39,0.18,1.730149,9,Wall,Plaster on Masonry,0.02,3.0,0.957,7.919159
HD-Urban-V1,"3Bed
",56.88,0.317,0.36,0.836364,9,Wall,Plaster with Wallpaper Backing,0.04,3.0,0.985,7.633159
HD-Urban-V1,"3Bed
",55.8,0.34,4.5,0.752337,9,Wall,Acoustic Plaster,0.5,3.0,0.978,7.48136
GreenEdge-V3,"3Bed
",41.29,0.217,0.09,0.489114,9,Floor,Terrazzo,0.01,3.0,0.984,7.66936
Roadside-V2,"3Bed
",62.99,0.434,0.27,0.824232,9,Floor,Vinyl Tile,0.03,3.0,0.998,7.38336
Ind-Zone-V0,"3Bed
",80.75,0.612,1.35,0.554323,9,Floor,Cork Floor Tiles,0.15,3.0,0.805,7.218122
Roadside-V2,"3Bed
",60.32,0.408,2.7,0.748257,9,Ceiling,Perforated Underside of Structural Steel Decking,0.3,3.0,0.463,6.940209
HD-Urban-V0,"3Bed
",60.93,0.414,1.8,0.797249,9,Ceiling,Plywood 12mm Thick Perforated 5mm Diameter Holes with 60mm Deep Air Space Behind,0.2,3.0,0.502,6.191649
HD-Urban-V0,"3Bed
",64.2,0.374,2.7,0.928549,9,Ceiling,Plasterboard 10mm Thick Backed with 25mm Thick Bitumen,0.3,6.0,0.328,7.176131
Ind-Zone-V0,"3Bed
",77.75,0.552,0.216,0.895827,9,Window,Small Pane Glass + Plaster on Masonry,0.024,6.0,0.327,7.271131
HD-Urban-V1,"3Bed
",57.61,0.32,3.375,0.880583,9,Window,Glazed Ceramic Tile + Acoustic Plaster,0.375,6.0,0.465,7.147131
HD-Urban-V1,"3Bed
",59.94,0.393,0.378,0.715202,9,Window,Insulated Glazing Unit + Gypsum Board,0.042,6.0,0.483,6.813219
HD-Urban-V0,"3Bed
",60.47,0.379,0.792,0.894445,9,Window,Double Pane Glass + Unpainted Brick,0.088,6.0,0.478,7.190147
GreenEdge-V3,"3Bed
",47.87,0.223,0.351,1.032051,9,Door,Laminated Glass Door + Painted Brick,0.039,6.0,0.309,6.768147
Roadside-V1,"3Bed
",68.3,0.476,0.36,0.593245,9,Wall,Plaster with Wallpaper Backing,0.04,6.0,0.309,8.402493
GreenEdge-V3,"3Bed
",41.67,0.191,5.85,0.769108,9,Wall,Fiberglass Board,0.65,6.0,0.444,8.110493
HD-Urban-V1,"3Bed
",58.9,0.333,0.36,0.891418,9,Wall,Plaster with Wallpaper Backing,0.04,6.0,0.313,8.134493
HD-Urban-V0,"3Bed
",64.38,0.376,0.09,0.85613,9,Floor,Marble,0.01,6.0,0.339,5.756849
Ind-Zone-V0,"3Bed
",78.68,0.58,1.35,0.658487,9,Floor,Cork Floor Tiles,0.15,6.0,0.469,5.710849
MD-Urban-V2,"3Bed
",53.36,0.266,0.9,0.752141,9,Floor,Wood Flooring on Joists,0.1,6.0,0.483,8.43915
HD-Urban-V1,"3Bed
",59.85,0.331,0.09,0.866627,9,Ceiling,"Plaster (Gypsum or Lime, on Masonry)",0.01,6.0,0.467,4.711636
HD-Urban-V1,"3Bed
",56.49,0.297,4.05,0.937864,9,Ceiling,"Gypsum Plaster Tiles, 17% Perforated, 22mm",0.45,6.0,0.467,6.940541
Roadside-V1,"3Bed
",72.15,0.496,0.09,0.824936,9,Ceiling,"Plaster (Gypsum or Lime, on Masonry)",0.01,6.0,0.917,7.022541
HD-Urban-V0,"3Bed
",62.37,0.417,0.549,0.769517,9,Window,Double Pane Glass + Plaster on Masonry,0.061,6.0,0.998,7.738636
Roadside-V2,"3Bed
",63.01,0.405,0.324,0.63483,9,Window,Small Pane Glass + Plaster with Wallpaper Backing,0.036,6.0,0.94,7.748636
HD-Urban-V1,"3Bed
",56.79,0.342,3.681,0.562391,9,Window,Small Pane Glass + Fiberglass Board,0.409,6.0,0.917,7.767217
HD-Urban-V1,"3Bed
",59.37,0.368,0.207,0.753706,9,Window,Insulated Glazing Unit + Plaster on Masonry,0.023,6.0,0.998,8.706492
MD-Urban-V2,"3Bed
",52.87,0.303,0.513,0.593974,9,Window,Single Pane Glass + Unpainted Brick,0.057,6.0,0.778,6.732755
Ind-Zone-V0,"3Bed
",76.09,0.535,0.342,0.667896,9,Door,Double Pane Glass Door + Plaster with Wallpaper Backing,0.038,6.0,0.975,6.920755
HD-Urban-V0,1Bed,61.43,0.396,0.18,0.280552,9,Wall,Plaster on Masonry,0.02,3.0,0.984,6.634755
MD-Urban-V2,1Bed,54.8,0.33,0.36,0.431157,9,Wall,Plaster with Wallpaper Backing,0.04,3.0,0.963,7.48136
Roadside-V1,1Bed,71.72,0.499,0.45,0.522565,9,Wall,Gypsum Board,0.05,3.0,0.738,7.66936
HD-Urban-V1,1Bed,57.27,0.354,0.45,0.312289,9,Wall,Gypsum Board,0.05,3.0,0.975,7.38336
GreenEdge-V3,1Bed,46.09,0.242,1.35,0.406317,9,Floor,Cork Floor Tiles,0.15,3.0,0.975,7.731159
Roadside-V2,1Bed,62.88,0.41,2.25,0.542517,9,Floor,Thin Carpet on Concrete,0.25,3.0,0.895,7.919159
Roadside-V2,1Bed,61.97,0.367,2.25,0.270045,9,Floor,Thin Carpet on Concrete,0.25,3.0,0.895,7.633159
HD-Urban-V0,1Bed,64.25,0.447,1.35,0.548056,9,Floor,Cork Floor Tiles,0.15,3.0,1.0,7.48136
HD-Urban-V1,1Bed,56.88,0.303,6.3,0.424526,9,Ceiling,Sprayed Cellulose Fiber (75mm on Solid Backing),0.7,3.0,0.957,7.66936
HD-Urban-V1,1Bed,55.8,0.293,1.8,0.320047,9,Ceiling,Plywood 12mm Thick Perforated 5mm Diameter Holes with 60mm Deep Air Space Behind,0.2,3.0,0.987,7.38336
GreenEdge-V3,1Bed,41.29,0.148,0.9,0.346689,9,Ceiling,0.8mm Perforated Metal Tiles with 25mm Thick Resin-Bonded Fibreglass Slab,0.1,3.0,0.835,7.731159
Roadside-V2,1Bed,62.99,0.411,2.25,0.373059,9,Ceiling,"Plasterboard 10mm Thick, Perforated 8mm Diameter Holes with 25mm Bitumen-Bonded Fibreglass",0.25,3.0,0.738,7.919159
Ind-Zone-V0,1Bed,80.75,0.555,0.207,0.364888,9,Window,Insulated Glazing Unit + Plaster on Masonry,0.023,3.0,0.988,7.633159
Roadside-V2,1Bed,60.32,0.338,0.414,0.417736,9,Window,Large Pane Glass + Gypsum Board,0.046,3.0,0.998,7.48136
HD-Urban-V0,1Bed,60.93,0.414,0.288,0.600511,9,Window,Wired Glass + Plaster on Masonry,0.032,3.0,0.895,7.66936
HD-Urban-V0,1Bed,64.2,0.377,3.546,0.380852,9,Window,Laminated Glass + Concrete Block (Painted),0.394,3.0,0.85,7.38336
Ind-Zone-V0,1Bed,77.75,0.525,0.468,0.414154,9,Door,Solid Wood Door + Gypsum Board,0.052,3.0,0.361,7.48136
HD-Urban-V1,1Bed,57.61,0.311,4.5,0.333295,9,Wall,Acoustic Plaster,0.5,3.0,0.49,7.66936
HD-Urban-V1,1Bed,59.94,0.347,0.45,0.410285,9,Wall,Gypsum Board,0.05,3.0,0.49,7.38336
HD-Urban-V0,1Bed,60.47,0.379,0.36,0.518916,9,Wall,Plaster with Wallpaper Backing,0.04,6.0,0.485,7.48136
GreenEdge-V3,1Bed,47.87,0.253,0.36,0.441803,9,Wall,Plaster with Wallpaper Backing,0.04,6.0,0.465,7.66936
Roadside-V1,1Bed,68.3,0.457,0.27,0.452351,9,Wall,Unpainted Brick,0.03,6.0,0.492,7.38336
GreenEdge-V3,1Bed,41.67,0.149,2.25,0.422854,9,Floor,Thin Carpet on Concrete,0.25,6.0,0.496,7.869701
HD-Urban-V1,1Bed,58.9,0.321,4.5,0.603512,9,Floor,Thick Pile Carpet,0.5,6.0,0.488,8.057701
HD-Urban-V0,1Bed,64.38,0.418,4.5,0.296478,9,Floor,Thick Pile Carpet,0.5,6.0,0.478,7.771701
HD-Urban-V0,"2Bed
",61.43,0.396,1.35,0.525285,9,Floor,Cork Floor Tiles,0.15,3.0,0.308,7.731159
MD-Urban-V2,"2Bed
",54.8,0.33,0.09,0.523861,9,Ceiling,"Plaster (Gypsum or Lime, on Masonry)",0.01,3.0,0.306,7.919159
Roadside-V1,"2Bed
",71.72,0.499,2.43,1.00468,9,Ceiling,"Hardboard, 25% Perforated Over 50mm Mineral Wool",0.27,3.0,0.422,7.633159
HD-Urban-V1,"2Bed
",57.27,0.307,1.26,1.094618,9,Ceiling,"Plaster (Gypsum or Lime, Rough Finish or Timber Lath)",0.14,3.0,0.445,7.48136
GreenEdge-V3,"2Bed
",46.09,0.196,2.7,0.578616,9,Ceiling,Perforated Underside of Structural Steel Decking,0.3,3.0,0.444,7.66936
Roadside-V2,"2Bed
",62.88,0.377,4.815,0.810743,9,Window,Laminated Glass + Fiberglass Board,0.535,3.0,0.483,7.38336
Roadside-V2,"2Bed
",61.97,0.401,0.27,0.70178,9,Window,Small Pane Glass + Unpainted Brick,0.03,3.0,0.489,7.218122
HD-Urban-V0,"2Bed
",64.25,0.39,2.781,0.878182,9,Window,Glass Block + Acoustic Plaster,0.309,3.0,0.504,6.940209
HD-Urban-V1,"2Bed
",56.88,0.373,1.422,0.667127,9,Window,Double Pane Glass + Wood Paneling,0.158,3.0,0.334,6.191649
HD-Urban-V1,"2Bed
",55.8,0.293,0.576,0.748547,9,Door,Laminated Glass Door + Plaster with Wallpaper Backing,0.064,3.0,0.483,7.176131
GreenEdge-V3,"2Bed
",41.29,0.217,4.14,0.519355,9,Wall,Concrete Block (Painted),0.46,3.0,0.963,7.271131
Roadside-V2,"2Bed
",62.99,0.365,0.45,0.712389,9,Wall,Gypsum Board,0.05,3.0,0.963,7.147131
Ind-Zone-V0,"2Bed
",80.75,0.612,0.45,0.715821,9,Wall,Gypsum Board,0.05,3.0,0.993,6.813219
Roadside-V2,"2Bed
",60.32,0.338,0.36,0.693966,9,Wall,Plaster with Wallpaper Backing,0.04,3.0,0.975,7.190147
HD-Urban-V0,"2Bed
",60.93,0.414,0.45,0.667588,9,Wall,Gypsum Board,0.05,3.0,0.985,6.768147
HD-Urban-V0,"2Bed
",64.2,0.39,4.5,0.997419,9,Floor,Medium Pile Carpet,0.5,3.0,0.975,8.402493
Ind-Zone-V0,"2Bed
",77.75,0.582,1.35,0.615483,9,Floor,Cork Floor Tiles,0.15,3.0,0.94,8.110493
HD-Urban-V1,"2Bed
",57.61,0.381,0.63,0.816913,9,Floor,Wood Parquet,0.07,3.0,0.963,8.134493
HD-Urban-V1,"2Bed
",59.94,0.374,4.5,0.593002,9,Floor,Medium Pile Carpet,0.5,6.0,0.805,5.756849
HD-Urban-V0,"2Bed
",60.47,0.379,0.9,0.842932,9,Ceiling,Sprayed Cellulose Fiber (32mm on Solid Backing),0.1,6.0,0.975,5.710849
GreenEdge-V3,"2Bed
",47.87,0.253,0.09,0.518519,9,Ceiling,"Plaster (Gypsum or Lime, on Masonry)",0.01,6.0,0.975,8.43915
Roadside-V1,"2Bed
",68.3,0.457,2.25,0.676234,9,Ceiling,"Plasterboard 10mm Thick, Perforated 8mm Diameter Holes with 25mm Bitumen-Bonded Fibreglass",0.25,6.0,0.998,4.711636
GreenEdge-V3,"2Bed
",41.67,0.191,1.71,0.598884,9,Ceiling,"Metal Deck (Perforated Channels, 25mm Batts)",0.19,6.0,0.82,6.940541
HD-Urban-V1,"2Bed
",58.9,0.363,3.15,0.714497,9,Window,Insulated Glazing Unit + Concrete Block (Painted),0.35,6.0,0.984,7.022541
HD-Urban-V0,"2Bed
",64.38,0.376,0.864,0.820731,9,Window,Laminated Glass + Unpainted Brick,0.096,6.0,0.963,7.738636
Ind-Zone-V0,"2Bed
",78.68,0.519,0.684,0.54042,9,Window,Double Pane Glass + Painted Brick,0.076,6.0,0.868,7.748636
MD-Urban-V2,"2Bed
",53.36,0.266,0.225,0.614699,9,Window,Glass Block + Unpainted Brick,0.025,6.0,0.984,7.767217
HD-Urban-V1,"2Bed
",59.85,0.343,0.288,0.853357,9,Door,Plywood Door + Plaster on Masonry,0.032,6.0,0.998,8.706492
HD-Urban-V1,"2Bed
",56.49,0.358,0.27,0.575,9,Wall,Unpainted Brick,0.03,6.0,0.805,6.732755
Roadside-V1,"2Bed
",72.15,0.454,0.36,0.415573,9,Wall,Plaster with Wallpaper Backing,0.04,6.0,0.975,6.920755
HD-Urban-V0,"2Bed
",62.37,0.398,0.27,0.814503,9,Wall,Unpainted Brick,0.03,6.0,0.917,6.634755
Roadside-V2,"2Bed
",63.01,0.362,0.27,0.970854,9,Wall,Unpainted Brick,0.03,6.0,0.997,7.48136
HD-Urban-V1,"2Bed
",56.79,0.3,0.45,0.575342,9,Wall,Gypsum Board,0.05,6.0,0.908,7.66936
HD-Urban-V1,"2Bed
",59.37,0.368,2.25,0.447015,9,Floor,Thin Carpet on Concrete,0.25,6.0,0.992,7.38336
HD-Urban-V0,"3Bed
",61.43,0.396,2.25,0.687708,9,Floor,Thin Carpet on Concrete,0.25,3.0,0.993,7.731159
MD-Urban-V2,"3Bed
",54.8,0.33,4.5,0.785579,9,Floor,Medium Pile Carpet,0.5,3.0,0.924,7.919159
Roadside-V1,"3Bed
",71.72,0.522,0.09,0.482839,9,Floor,Marble,0.01,3.0,0.821,7.633159
HD-Urban-V1,"3Bed
",57.27,0.32,2.25,0.67239,9,Ceiling,"Plasterboard 10mm Thick, Perforated 8mm Diameter Holes with 25mm Bitumen-Bonded Fibreglass",0.25,3.0,0.979,7.48136
GreenEdge-V3,"3Bed
",46.09,0.196,3.6,0.883267,9,Ceiling,"Plywood, 12mm, with 30mm Thick Fibreglass Backing Between 30mm Battens",0.4,3.0,0.979,7.66936
Roadside-V2,"3Bed
",62.88,0.41,2.25,1.149088,9,Ceiling,"Plasterboard 10mm Thick, Perforated 8mm Diameter Holes with 25mm Bitumen-Bonded Fibreglass",0.25,3.0,0.979,7.38336
Roadside-V2,"3Bed
",61.97,0.367,0.9,0.750194,9,Ceiling,0.8mm Perforated Metal Tiles with 25mm Thick Resin-Bonded Fibreglass Slab,0.1,3.0,0.979,7.731159
HD-Urban-V0,"3Bed
",64.25,0.39,0.207,1.730149,9,Window,Small Pane Glass + Plaster on Masonry,0.023,3.0,0.805,7.919159
HD-Urban-V1,"3Bed
",56.88,0.317,4.275,0.836364,9,Window,Laminated Glass + Fiberglass Board,0.475,3.0,0.895,7.633159
HD-Urban-V1,"3Bed
",55.8,0.34,0.45,0.752337,9,Window,Wired Glass + Gypsum Board,0.05,3.0,0.805,7.48136
GreenEdge-V3,"3Bed
",41.29,0.217,3.105,0.489114,9,Window,Glazed Ceramic Tile + Concrete Block (Painted),0.345,3.0,0.85,7.66936
Roadside-V2,"3Bed
",62.99,0.434,0.324,0.824232,9,Window,Small Pane Glass + Plaster with Wallpaper Backing,0.036,3.0,0.94,7.38336
Ind-Zone-V0,"3Bed
",80.75,0.612,4.023,0.554323,9,Door,Hollow-Core Wood Door + Acoustic Plaster,0.447,3.0,0.8,7.48136
Roadside-V2,"3Bed
",60.32,0.408,4.14,0.748257,9,Wall,Concrete Block (Painted),0.46,3.0,0.984,7.66936
HD-Urban-V0,"3Bed
",60.93,0.414,1.35,0.797249,9,Wall,Wood Paneling,0.15,3.0,0.924,7.38336
HD-Urban-V0,"3Bed
",64.2,0.374,0.27,0.928549,9,Wall,Unpainted Brick,0.03,6.0,0.844,7.48136
Ind-Zone-V0,"3Bed
",77.75,0.552,4.5,0.895827,9,Wall,Acoustic Plaster,0.5,6.0,0.949,7.66936
HD-Urban-V1,"3Bed
",57.61,0.32,0.9,0.880583,9,Floor,Wood Flooring on Joists,0.1,6.0,0.984,7.38336
HD-Urban-V1,"3Bed
",59.94,0.393,0.09,0.715202,9,Floor,Marble,0.01,6.0,0.988,7.869701
HD-Urban-V0,"3Bed
",60.47,0.379,2.25,0.894445,9,Floor,Thin Carpet on Concrete,0.25,6.0,0.963,8.057701
GreenEdge-V3,"3Bed
",47.87,0.223,0.63,1.032051,9,Floor,Wood Parquet,0.07,6.0,0.979,7.771701
Roadside-V1,"3Bed
",68.3,0.476,2.43,0.593245,9,Ceiling,"Hardboard, 25% Perforated Over 50mm Mineral Wool",0.27,6.0,0.984,7.731159
GreenEdge-V3,"3Bed
",41.67,0.191,4.59,0.769108,9,Ceiling,Underlay in Perforated Metal Panels (25mm Batts),0.51,6.0,0.984,7.919159
HD-Urban-V1,"3Bed
",58.9,0.333,2.7,0.891418,9,Ceiling,"50mm Woodwool Slabs on 25mm Cavity, Pre-Screeded Surface Facing Cavity",0.3,6.0,0.917,7.633159
HD-Urban-V0,"3Bed
",64.38,0.376,2.25,0.85613,9,Ceiling,"Plasterboard 10mm Thick, Perforated 8mm Diameter Holes with 25mm Bitumen-Bonded Fibreglass",0.25,6.0,0.94,7.48136
Ind-Zone-V0,"3Bed
",78.68,0.58,1.026,0.658487,9,Window,Glass Block + Wood Paneling,0.114,6.0,0.985,7.66936
MD-Urban-V2,"3Bed
",53.36,0.266,2.637,0.752141,9,Window,Insulated Glazing Unit + Concrete Block (Painted),0.293,6.0,0.463,7.38336
HD-Urban-V1,"3Bed
",59.85,0.331,1.521,0.866627,9,Window,Laminated Glass + Wood Paneling,0.169,6.0,0.483,7.218122
HD-Urban-V1,"3Bed
",56.49,0.297,0.135,0.937864,9,Window,Small Pane Glass + Painted Brick,0.015,6.0,0.483,6.940209
Roadside-V1,"3Bed
",72.15,0.496,1.35,0.824936,9,Door,Hollow-Core Wood Door + Wood Paneling,0.15,6.0,0.295,6.191649
HD-Urban-V0,"3Bed
",62.37,0.417,0.18,0.769517,9,Wall,Plaster on Masonry,0.02,6.0,0.478,7.176131
Roadside-V2,"3Bed
",63.01,0.405,4.5,0.63483,9,Wall,Acoustic Plaster,0.5,6.0,0.497,7.271131
HD-Urban-V1,"3Bed
",56.79,0.342,4.5,0.562391,9,Wall,Acoustic Plaster,0.5,6.0,0.487,7.147131
HD-Urban-V1,"3Bed
",59.37,0.368,0.36,0.753706,9,Wall,Plaster with Wallpaper Backing,0.04,6.0,0.372,6.813219
MD-Urban-V2,"3Bed
",52.87,0.303,4.5,0.593974,9,Wall,Acoustic Plaster,0.5,6.0,0.308,7.190147
Ind-Zone-V0,"3Bed
",76.09,0.535,2.25,0.667896,9,Floor,Thin Carpet on Concrete,0.25,6.0,0.477,6.768147
HD-Urban-V0,1Bed,61.43,0.392,0.9,0.280552,9,Floor,Wood Flooring on Joists,0.1,3.0,0.476,8.402493
MD-Urban-V2,1Bed,54.8,0.326,2.25,0.431157,9,Floor,Thin Carpet on Concrete,0.25,3.0,0.421,8.110493
Roadside-V1,1Bed,71.72,0.495,2.25,0.522565,9,Floor,Thin Carpet on Concrete,0.25,3.0,0.504,8.134493
HD-Urban-V1,1Bed,57.27,0.351,0.09,0.312289,9,Ceiling,"Plaster (Gypsum or Lime, on Masonry)",0.01,3.0,0.466,5.756849
GreenEdge-V3,1Bed,46.09,0.239,2.16,0.406317,9,Ceiling,Wood Tongue-and-Groove Roof Decking,0.24,3.0,0.497,5.710849
Roadside-V2,1Bed,62.88,0.407,1.8,0.542517,9,Ceiling,Plywood 12mm Thick Perforated 5mm Diameter Holes with 60mm Deep Air Space Behind,0.2,3.0,0.412,8.43915
Roadside-V2,1Bed,61.97,0.367,1.8,0.270045,9,Ceiling,50mm Mineral Wool Behind 25% Open Area Perforated Steel,0.2,3.0,0.22,4.711636
HD-Urban-V0,1Bed,64.25,0.447,0.612,0.548056,9,Window,Double Pane Glass + Unpainted Brick,0.068,3.0,0.497,6.940541
HD-Urban-V1,1Bed,56.88,0.301,0.927,0.424526,9,Window,Insulated Glazing Unit + Wood Paneling,0.103,3.0,0.497,7.022541
HD-Urban-V1,1Bed,55.8,0.29,0.927,0.320047,9,Window,Insulated Glazing Unit + Wood Paneling,0.103,3.0,0.496,7.738636
GreenEdge-V3,1Bed,41.29,0.145,1.098,0.346689,9,Window,Large Pane Glass + Wood Paneling,0.122,3.0,0.494,7.748636
Roadside-V2,1Bed,62.99,0.411,2.709,0.373059,9,Window,Wired Glass + Concrete Block (Painted),0.301,3.0,0.489,7.767217
Ind-Zone-V0,1Bed,80.75,0.555,5.562,0.364888,9,Door,Acoustic Door + Fiberglass Board,0.618,3.0,0.471,8.706492
Roadside-V2,1Bed,60.32,0.336,1.35,0.417736,9,Wall,Wood Paneling,0.15,3.0,0.492,6.732755
HD-Urban-V0,1Bed,60.93,0.414,0.27,0.600511,9,Wall,Unpainted Brick,0.03,3.0,0.327,6.920755
HD-Urban-V0,1Bed,64.2,0.377,0.09,0.380852,9,Wall,Painted Brick,0.01,3.0,0.494,6.634755
Ind-Zone-V0,1Bed,77.75,0.553,0.18,0.414154,9,Wall,Plaster on Masonry,0.02,3.0,0.466,7.48136
HD-Urban-V1,1Bed,57.61,0.309,2.7,0.333295,9,Floor,Thin Carpet on Wood,0.3,3.0,0.309,7.66936
HD-Urban-V1,1Bed,59.94,0.466,0.9,0.410285,9,Floor,Wood Flooring on Joists,0.1,3.0,0.998,7.38336
HD-Urban-V0,1Bed,60.47,0.376,4.5,0.518916,9,Floor,Medium Pile Carpet,0.5,6.0,0.805,7.731159
GreenEdge-V3,1Bed,47.87,0.25,2.25,0.441803,9,Floor,Thin Carpet on Concrete,0.25,6.0,0.917,7.919159
Roadside-V1,1Bed,68.3,0.454,1.26,0.452351,9,Ceiling,"Plaster (Gypsum or Lime, Rough Finish or Timber Lath)",0.14,6.0,0.805,7.633159
GreenEdge-V3,1Bed,41.67,0.17,3.78,0.422854,9,Ceiling,"Mineral Wool Tiles, 180mm Airspace",0.42,6.0,0.967,7.48136
HD-Urban-V1,1Bed,58.9,0.433,1.8,0.603512,9,Ceiling,Plywood 12mm Thick Perforated 5mm Diameter Holes with 60mm Deep Air Space Behind,0.2,6.0,0.94,7.66936
HD-Urban-V0,1Bed,64.38,0.465,4.05,0.296478,9,Ceiling,"Gypsum Plaster Tiles, 17% Perforated, 22mm",0.45,6.0,0.702,7.38336
HD-Urban-V0,"2Bed
",61.43,0.392,3.42,0.525285,9,Window,Insulated Glazing Unit + Acoustic Plaster,0.38,3.0,0.805,7.731159
MD-Urban-V2,"2Bed
",54.8,0.326,0.864,0.523861,9,Window,Laminated Glass + Unpainted Brick,0.096,3.0,0.988,7.919159
Roadside-V1,"2Bed
",71.72,0.495,0.306,1.00468,9,Window,Large Pane Glass + Unpainted Brick,0.034,3.0,0.994,7.633159
HD-Urban-V1,"2Bed
",57.27,0.305,0.225,1.094618,9,Window,Glazed Ceramic Tile + Unpainted Brick,0.025,3.0,0.887,7.48136
GreenEdge-V3,"2Bed
",46.09,0.193,0.432,0.578616,9,Door,Single Pane Glass Door + Gypsum Board,0.048,3.0,0.994,7.66936
Roadside-V2,"2Bed
",62.88,0.379,1.35,0.810743,9,Wall,Wood Paneling,0.15,3.0,0.99,7.38336
Roadside-V2,"2Bed
",61.97,0.401,1.35,0.70178,9,Wall,Wood Paneling,0.15,3.0,0.831,7.48136
HD-Urban-V0,"2Bed
",64.25,0.39,0.09,0.878182,9,Wall,Painted Brick,0.01,3.0,0.868,7.66936
HD-Urban-V1,"2Bed
",56.88,0.373,0.36,0.667127,9,Wall,Plaster with Wallpaper Backing,0.04,3.0,0.868,7.38336
HD-Urban-V1,"2Bed
",55.8,0.293,4.14,0.748547,9,Wall,Concrete Block (Painted),0.46,3.0,0.738,7.48136
GreenEdge-V3,"2Bed
",41.29,0.217,2.7,0.519355,9,Floor,Thin Carpet on Wood,0.3,3.0,0.963,7.66936
Roadside-V2,"2Bed
",62.99,0.38,0.9,0.712389,9,Floor,Wood Flooring on Joists,0.1,3.0,0.963,7.38336
Ind-Zone-V0,"2Bed
",80.75,0.649,0.27,0.715821,9,Floor,Vinyl Tile,0.03,3.0,0.984,7.869701
Roadside-V2,"2Bed
",60.32,0.506,1.35,0.693966,9,Floor,Cork Floor Tiles,0.15,3.0,0.805,8.057701
HD-Urban-V0,"2Bed
",60.93,0.512,2.25,0.667588,9,Ceiling,"100mm Woodwool Fixed Directly to Concrete, Pre-Screeded Surface Facing Backing",0.25,3.0,0.975,7.771701
HD-Urban-V0,"2Bed
",64.2,0.509,4.23,0.997419,9,Ceiling,Sprayed Cellulose Fiber (25mm on Timber Lath),0.47,3.0,0.967,7.731159
Ind-Zone-V0,"2Bed
",77.75,0.606,4.23,0.615483,9,Ceiling,Sprayed Cellulose Fiber (25mm on Timber Lath),0.47,3.0,0.976,7.919159
HD-Urban-V1,"2Bed
",57.61,0.354,3.78,0.816913,9,Ceiling,"Mineral Wool Tiles, 180mm Airspace",0.42,3.0,0.994,7.633159
HD-Urban-V1,"2Bed
",59.94,0.371,0.333,0.593002,9,Window,Insulated Glazing Unit + Plaster with Wallpaper Backing,0.037,6.0,0.8,7.48136
HD-Urban-V0,"2Bed
",60.47,0.376,2.637,0.842932,9,Window,Small Pane Glass + Concrete Block (Painted),0.293,6.0,0.978,7.66936
GreenEdge-V3,"2Bed
",47.87,0.25,0.972,0.518519,9,Window,Laminated Glass + Gypsum Board,0.108,6.0,0.957,7.38336
Roadside-V1,"2Bed
",68.3,0.454,0.747,0.676234,9,Window,Double Pane Glass + Gypsum Board,0.083,6.0,0.985,7.371737
GreenEdge-V3,"2Bed
",41.67,0.188,0.225,0.598884,9,Door,Sliding Wood Door + Plaster on Masonry,0.025,6.0,0.978,7.093823
HD-Urban-V1,"2Bed
",58.9,0.363,0.27,0.714497,9,Wall,Unpainted Brick,0.03,6.0,0.984,6.345263
HD-Urban-V0,"2Bed
",64.38,0.374,4.5,0.820731,9,Wall,Acoustic Plaster,0.5,6.0,0.998,7.203175
Ind-Zone-V0,"2Bed
",78.68,0.517,0.09,0.54042,9,Wall,Painted Brick,0.01,6.0,0.805,7.298175
MD-Urban-V2,"2Bed
",53.36,0.264,3.24,0.614699,9,Wall,Concrete Block (Coarse),0.36,6.0,0.463,7.174175
HD-Urban-V1,"2Bed
",59.85,0.343,0.45,0.853357,9,Wall,Gypsum Board,0.05,6.0,0.502,6.888549
HD-Urban-V1,"2Bed
",56.49,0.358,2.7,0.575,9,Floor,Thin Carpet on Wood,0.3,6.0,0.328,7.340762
Roadside-V1,"2Bed
",72.15,0.454,0.9,0.415573,9,Floor,Wood Flooring on Joists,0.1,6.0,0.327,6.918762
HD-Urban-V0,"2Bed
",62.37,0.398,2.7,0.814503,9,Floor,Thin Carpet on Wood,0.3,6.0,0.465,8.400824
Roadside-V2,"2Bed
",63.01,0.364,0.09,0.970854,9,Floor,Terrazzo,0.01,6.0,0.483,8.108824
HD-Urban-V1,"2Bed
",56.79,0.412,1.35,0.575342,9,Ceiling,"75mm Woodwool Fixed Directly to Concrete, Pre-Screeded Surface Facing Backing",0.15,6.0,0.478,8.132824
HD-Urban-V1,"2Bed
",59.37,0.383,0.54,0.447015,9,Ceiling,"Mineral Wool Tiles, Glued/Screwed to Soffit",0.06,6.0,0.309,5.730849
HD-Urban-V0,"3Bed
",61.43,0.396,6.3,0.687708,9,Ceiling,Sprayed Cellulose Fiber (75mm on Solid Backing),0.7,3.0,0.309,5.684849
MD-Urban-V2,"3Bed
",54.8,0.33,4.5,0.785579,9,Ceiling,0.8mm Unperforated Metal Panels Backed with 25mm Thick Resin Bonded Fibreglass,0.5,3.0,0.444,8.35515
Roadside-V1,"3Bed
",71.72,0.522,0.09,0.482839,9,Window,Glass Block + Painted Brick,0.01,3.0,0.313,4.633194
HD-Urban-V1,"3Bed
",57.27,0.397,0.792,0.67239,9,Window,Double Pane Glass + Unpainted Brick,0.088,3.0,0.339,6.868371
GreenEdge-V3,"3Bed
",46.09,0.285,2.088,0.883267,9,Window,Small Pane Glass + Concrete Block (Coarse),0.232,3.0,0.469,6.950371
Roadside-V2,"3Bed
",62.88,0.49,0.297,1.149088,9,Window,Large Pane Glass + Unpainted Brick,0.033,3.0,0.483,7.719499
Roadside-V2,"3Bed
",61.97,0.508,0.441,0.750194,9,Door,Plywood Door + Plaster with Wallpaper Backing,0.049,3.0,0.467,7.729499
HD-Urban-V0,"3Bed
",64.25,0.509,4.14,1.730149,9,Wall,Concrete Block (Painted),0.46,3.0,0.467,5.412547
HD-Urban-V1,"3Bed
",56.88,0.435,0.18,0.836364,9,Wall,Plaster on Masonry,0.02,3.0,0.917,6.090091
HD-Urban-V1,"3Bed
",55.8,0.404,0.09,0.752337,9,Wall,Painted Brick,0.01,3.0,0.998,4.116353
GreenEdge-V3,"3Bed
",41.29,0.191,0.36,0.489114,9,Wall,Plaster with Wallpaper Backing,0.04,3.0,0.94,4.304353
Roadside-V2,"3Bed
",62.99,0.408,0.36,0.824232,9,Wall,Plaster with Wallpaper Backing,0.04,3.0,0.917,4.018353
Ind-Zone-V0,"3Bed
",80.75,0.585,1.35,0.554323,9,Floor,Cork Floor Tiles,0.15,3.0,0.998,4.864959
Roadside-V2,"3Bed
",60.32,0.381,0.09,0.748257,9,Floor,Marble,0.01,3.0,0.778,5.052959
HD-Urban-V0,"3Bed
",60.93,0.387,0.27,0.797249,9,Floor,Vinyl Tile,0.03,3.0,0.975,4.766959
HD-Urban-V0,"3Bed
",64.2,0.372,0.63,0.928549,9,Floor,Wood Parquet,0.07,6.0,0.984,7.648159
Ind-Zone-V0,"3Bed
",77.75,0.552,4.05,0.895827,9,Ceiling,"Gypsum Plaster Tiles, 17% Perforated, 22mm",0.45,6.0,0.963,7.836159
HD-Urban-V1,"3Bed
",57.61,0.32,6.57,0.880583,9,Ceiling,"Metal Deck (Perforated Channels, 75mm Batts)",0.73,6.0,0.738,7.550159
HD-Urban-V1,"3Bed
",59.94,0.393,3.6,0.715202,9,Ceiling,Plywood 12mm Thick Perforated 5mm Diameter Holes with 60mm Thick Fibreglass Between Mounting Battens,0.4,6.0,0.975,7.39836
HD-Urban-V0,"3Bed
",60.47,0.379,0.54,0.894445,9,Ceiling,"Mineral Wool Tiles, Glued/Screwed to Soffit",0.06,6.0,0.975,7.58636
GreenEdge-V3,"3Bed
",47.87,0.248,0.342,1.032051,9,Window,Wired Glass + Unpainted Brick,0.038,6.0,0.895,7.30036
Roadside-V1,"3Bed
",68.3,0.476,0.342,0.593245,9,Window,Frosted Glass + Unpainted Brick,0.038,6.0,0.895,5.376488
GreenEdge-V3,"3Bed
",41.67,0.204,0.81,0.769108,9,Window,Laminated Glass + Plaster on Masonry,0.09,6.0,1.0,5.564488
HD-Urban-V1,"3Bed
",58.9,0.418,0.324,0.891418,9,Window,Small Pane Glass + Plaster with Wallpaper Backing,0.036,6.0,0.957,5.278488
HD-Urban-V0,"3Bed
",64.38,0.451,0.405,0.85613,9,Window,Frosted Glass + Plaster with Wallpaper Backing,0.045,6.0,0.987,4.864959
Ind-Zone-V0,"3Bed
",78.68,0.594,5.166,0.658487,9,Door,Hollow-Core Wood Door + Fiberglass Board,0.574,6.0,0.835,5.052959
MD-Urban-V2,"3Bed
",53.36,0.378,4.5,0.752141,9,Wall,Acoustic Plaster,0.5,6.0,0.738,4.766959
HD-Urban-V1,"3Bed
",59.85,0.443,0.36,0.866627,9,Wall,Plaster with Wallpaper Backing,0.04,6.0,0.988,4.864959
HD-Urban-V1,"3Bed
",56.49,0.409,0.27,0.937864,9,Wall,Unpainted Brick,0.03,6.0,0.998,5.052959
Roadside-V1,"3Bed
",72.15,0.565,4.5,0.824936,9,Wall,Acoustic Plaster,0.5,6.0,0.895,4.766959
HD-Urban-V0,"3Bed
",62.37,0.463,4.5,0.769517,9,Floor,Thick Pile Carpet,0.5,6.0,0.85,4.864959
Roadside-V2,"3Bed
",63.01,0.42,4.5,0.63483,9,Floor,Thick Pile Carpet,0.5,6.0,0.361,5.052959
HD-Urban-V1,"3Bed
",56.79,0.357,2.7,0.562391,9,Floor,Thin Carpet on Wood,0.3,6.0,0.49,4.766959
HD-Urban-V1,"3Bed
",59.37,0.383,0.63,0.753706,9,Floor,Wood Parquet,0.07,6.0,0.49,6.615776
MD-Urban-V2,"3Bed
",52.87,0.318,2.7,0.593974,9,Ceiling,"50mm Woodwool Slabs on 25mm Cavity, Pre-Screeded Surface Facing Cavity",0.3,6.0,0.485,6.803776
Ind-Zone-V0,"3Bed
",76.09,0.55,0.45,0.667896,9,Ceiling,Sprayed Cellulose Fiber (16mm on Solid Backing),0.05,6.0,0.465,6.517776
HD-Urban-V0,1Bed,61.43,0.392,6.3,0.280552,9,Ceiling,Sprayed Cellulose Fiber (75mm on Solid Backing),0.7,3.0,0.492,5.376488
MD-Urban-V2,1Bed,54.8,0.326,0.9,0.431157,9,Ceiling,"Wood Panels, 18mm Alternate 15mm Slot & 35mm Wooden Slat with 25mm Rockwool Backing",0.1,3.0,0.496,5.564488
Roadside-V1,1Bed,71.72,0.495,0.405,0.522565,9,Window,Small Pane Glass + Gypsum Board,0.045,3.0,0.488,5.278488
HD-Urban-V1,1Bed,57.27,0.351,0.252,0.312289,9,Window,Large Pane Glass + Plaster on Masonry,0.028,3.0,0.478,4.864959
GreenEdge-V3,1Bed,46.09,0.239,1.035,0.406317,9,Window,Frosted Glass + Wood Paneling,0.115,3.0,0.308,5.052959
Roadside-V2,1Bed,62.88,0.407,4.428,0.542517,9,Window,Small Pane Glass + Fiberglass Board,0.492,3.0,0.306,4.766959
Roadside-V2,1Bed,61.97,0.367,0.972,0.270045,9,Door,Steel Door with Acoustic Treatment + Plaster with Wallpaper Backing,0.108,3.0,0.422,7.371737
HD-Urban-V0,1Bed,64.25,0.447,0.18,0.548056,9,Wall,Plaster on Masonry,0.02,3.0,0.445,7.093823
HD-Urban-V1,1Bed,56.88,0.301,0.45,0.424526,9,Wall,Gypsum Board,0.05,3.0,0.444,6.345263
HD-Urban-V1,1Bed,55.8,0.29,0.36,0.320047,9,Wall,Plaster with Wallpaper Backing,0.04,3.0,0.483,7.203175
GreenEdge-V3,1Bed,41.29,0.145,5.85,0.346689,9,Wall,Fiberglass Board,0.65,3.0,0.489,7.298175
Roadside-V2,1Bed,62.99,0.411,3.24,0.373059,9,Wall,Concrete Block (Coarse),0.36,3.0,0.504,7.174175
Ind-Zone-V0,1Bed,80.75,0.555,4.5,0.364888,9,Floor,Thick Pile Carpet,0.5,3.0,0.334,6.888549
Roadside-V2,1Bed,60.32,0.336,0.9,0.417736,9,Floor,Wood Flooring on Joists,0.1,3.0,0.483,7.340762
HD-Urban-V0,1Bed,60.93,0.414,2.7,0.600511,9,Floor,Thin Carpet on Wood,0.3,3.0,0.963,6.918762
HD-Urban-V0,1Bed,64.2,0.377,0.09,0.380852,9,Floor,Marble,0.01,3.0,0.963,8.400824
Ind-Zone-V0,1Bed,77.75,0.553,4.5,0.414154,9,Ceiling,0.8mm Unperforated Metal Panels Backed with 25mm Thick Resin Bonded Fibreglass,0.5,3.0,0.993,8.108824
HD-Urban-V1,1Bed,57.61,0.309,4.23,0.333295,9,Ceiling,Sprayed Cellulose Fiber (25mm on Timber Lath),0.47,3.0,0.975,8.132824
HD-Urban-V1,1Bed,59.94,0.466,2.7,0.410285,9,Ceiling,Perforated Underside of Structural Steel Decking,0.3,3.0,0.985,5.730849
HD-Urban-V0,1Bed,60.47,0.376,1.35,0.518916,9,Ceiling,"75mm Woodwool Fixed Directly to Concrete, Pre-Screeded Surface Facing Backing",0.15,6.0,0.975,5.684849
GreenEdge-V3,1Bed,47.87,0.25,3.501,0.441803,9,Window,Double Pane Glass + Concrete Block (Painted),0.389,6.0,0.94,8.35515
Roadside-V1,1Bed,68.3,0.454,2.853,0.452351,9,Window,Small Pane Glass + Acoustic Plaster,0.317,6.0,0.963,4.633194
GreenEdge-V3,1Bed,41.67,0.17,0.342,0.422854,9,Window,Wired Glass + Unpainted Brick,0.038,6.0,0.805,6.868371
HD-Urban-V1,1Bed,58.9,0.433,0.135,0.603512,9,Window,Insulated Glazing Unit + Painted Brick,0.015,6.0,0.975,6.950371
HD-Urban-V0,1Bed,64.38,0.465,0.432,0.296478,9,Door,Single Pane Glass Door + Gypsum Board,0.048,6.0,0.975,7.719499
HD-Urban-V0,"2Bed
",61.43,0.392,3.24,0.525285,9,Wall,Concrete Block (Coarse),0.36,3.0,0.998,7.729499
MD-Urban-V2,"2Bed
",54.8,0.326,1.35,0.523861,9,Wall,Wood Paneling,0.15,3.0,0.82,5.412547
Roadside-V1,"2Bed
",71.72,0.495,3.24,1.00468,9,Wall,Concrete Block (Coarse),0.36,3.0,0.984,6.090091
HD-Urban-V1,"2Bed
",57.27,0.305,0.36,1.094618,9,Wall,Plaster with Wallpaper Backing,0.04,3.0,0.963,4.116353
GreenEdge-V3,"2Bed
",46.09,0.193,1.35,0.578616,9,Wall,Wood Paneling,0.15,3.0,0.868,4.304353
Roadside-V2,"2Bed
",62.88,0.379,1.35,0.810743,9,Floor,Cork Floor Tiles,0.15,3.0,0.984,4.018353
Roadside-V2,"2Bed
",61.97,0.401,0.09,0.70178,9,Floor,Marble,0.01,3.0,0.998,4.864959
HD-Urban-V0,"2Bed
",64.25,0.39,0.09,0.878182,9,Floor,Marble,0.01,3.0,0.805,5.052959
HD-Urban-V1,"2Bed
",56.88,0.373,1.35,0.667127,9,Floor,Cork Floor Tiles,0.15,3.0,0.975,4.766959
HD-Urban-V1,"2Bed
",55.8,0.293,2.25,0.748547,9,Ceiling,"Plasterboard 10mm Thick, Perforated 8mm Diameter Holes with 25mm Bitumen-Bonded Fibreglass",0.25,3.0,0.917,7.648159
GreenEdge-V3,"2Bed
",41.29,0.217,0.9,0.519355,9,Ceiling,0.8mm Perforated Metal Tiles with 25mm Thick Resin-Bonded Fibreglass Slab,0.1,3.0,0.997,7.836159
Roadside-V2,"2Bed
",62.99,0.38,2.7,0.712389,9,Ceiling,Perforated Underside of Structural Steel Decking,0.3,3.0,0.908,7.550159
Ind-Zone-V0,"2Bed
",80.75,0.649,0.54,0.715821,9,Ceiling,"Mineral Wool Tiles, Glued/Screwed to Soffit",0.06,3.0,0.992,7.39836
Roadside-V2,"2Bed
",60.32,0.506,0.297,0.693966,9,Window,Single Pane Glass + Painted Brick,0.033,3.0,0.993,7.58636
HD-Urban-V0,"2Bed
",60.93,0.512,0.288,0.667588,9,Window,Wired Glass + Plaster on Masonry,0.032,3.0,0.924,7.30036
HD-Urban-V0,"2Bed
",64.2,0.509,2.853,0.997419,9,Window,Insulated Glazing Unit + Acoustic Plaster,0.317,3.0,0.821,5.376488
Ind-Zone-V0,"2Bed
",77.75,0.606,4.5,0.615483,9,Window,Frosted Glass + Fiberglass Board,0.5,3.0,0.979,5.564488
HD-Urban-V1,"2Bed
",57.61,0.354,2.952,0.816913,9,Door,Hollow-Core Wood Door + Concrete Block (Coarse),0.328,3.0,0.979,5.278488
HD-Urban-V1,"2Bed
",59.94,0.371,0.18,0.593002,9,Wall,Plaster on Masonry,0.02,6.0,0.979,4.864959
HD-Urban-V0,"2Bed
",60.47,0.376,0.18,0.842932,9,Wall,Plaster on Masonry,0.02,6.0,0.979,5.052959
GreenEdge-V3,"2Bed
",47.87,0.25,0.45,0.518519,9,Wall,Gypsum Board,0.05,6.0,0.805,4.766959
Roadside-V1,"2Bed
",68.3,0.454,3.24,0.676234,9,Wall,Concrete Block (Coarse),0.36,6.0,0.895,4.864959
GreenEdge-V3,"2Bed
",41.67,0.188,3.24,0.598884,9,Wall,Concrete Block (Coarse),0.36,6.0,0.805,5.052959
HD-Urban-V1,"2Bed
",58.9,0.363,4.5,0.714497,9,Floor,Thick Pile Carpet,0.5,6.0,0.85,4.766959
HD-Urban-V0,"2Bed
",64.38,0.374,4.5,0.820731,9,Floor,Thick Pile Carpet,0.5,6.0,0.94,4.864959
Ind-Zone-V0,"2Bed
",78.68,0.517,0.9,0.54042,9,Floor,Wood Flooring on Joists,0.1,6.0,0.8,5.052959
MD-Urban-V2,"2Bed
",53.36,0.264,1.35,0.614699,9,Floor,Cork Floor Tiles,0.15,6.0,0.984,4.766959
HD-Urban-V1,"2Bed
",59.85,0.343,0.9,0.853357,9,Ceiling,Sprayed Cellulose Fiber (32mm on Solid Backing),0.1,6.0,0.924,6.615776
HD-Urban-V1,"2Bed
",56.49,0.358,1.8,0.575,9,Ceiling,50mm Mineral Wool Behind 25% Open Area Perforated Steel,0.2,6.0,0.844,6.803776
Roadside-V1,"2Bed
",72.15,0.454,0.9,0.415573,9,Ceiling,"Wood Panels, 18mm Alternate 15mm Slot & 35mm Wooden Slat with 25mm Rockwool Backing",0.1,6.0,0.949,6.517776
HD-Urban-V0,"2Bed
",62.37,0.398,4.5,0.814503,9,Ceiling,"100mm Woodwool Slabs on 25mm Cavity, Pre-Screeded Surface Facing Cavity",0.5,6.0,0.984,5.376488
Roadside-V2,"2Bed
",63.01,0.364,0.549,0.970854,9,Window,Double Pane Glass + Plaster on Masonry,0.061,6.0,0.988,5.564488
HD-Urban-V1,"2Bed
",56.79,0.412,0.162,0.575342,9,Window,Small Pane Glass + Painted Brick,0.018,6.0,0.963,5.278488
HD-Urban-V1,"2Bed
",59.37,0.383,0.621,0.447015,9,Window,Single Pane Glass + Gypsum Board,0.069,6.0,0.979,4.864959
HD-Urban-V0,"3Bed
",61.43,0.396,1.071,0.687708,9,Window,Small Pane Glass + Wood Paneling,0.119,3.0,0.984,5.052959
MD-Urban-V2,"3Bed
",54.8,0.33,2.817,0.785579,9,Door,Sliding Wood Door + Concrete Block (Coarse),0.313,3.0,0.984,4.766959
Roadside-V1,"3Bed
",71.72,0.522,0.09,0.482839,9,Wall,Painted Brick,0.01,3.0,0.917,7.371737
HD-Urban-V1,"3Bed
",57.27,0.397,0.09,0.67239,9,Wall,Painted Brick,0.01,3.0,0.94,7.093823
GreenEdge-V3,"3Bed
",46.09,0.285,0.27,0.883267,9,Wall,Unpainted Brick,0.03,3.0,0.985,6.345263
Roadside-V2,"3Bed
",62.88,0.49,0.36,1.149088,9,Wall,Plaster with Wallpaper Backing,0.04,3.0,0.463,7.203175
Roadside-V2,"3Bed
",61.97,0.508,0.45,0.750194,9,Wall,Gypsum Board,0.05,3.0,0.483,7.298175
HD-Urban-V0,"3Bed
",64.25,0.509,0.09,1.730149,9,Floor,Terrazzo,0.01,3.0,0.483,7.174175
HD-Urban-V1,"3Bed
",56.88,0.435,0.9,0.836364,9,Floor,Wood Flooring on Joists,0.1,3.0,0.295,6.888549
HD-Urban-V1,"3Bed
",55.8,0.404,0.63,0.752337,9,Floor,Wood Parquet,0.07,3.0,0.478,7.340762
GreenEdge-V3,"3Bed
",41.29,0.191,0.09,0.489114,9,Floor,Marble,0.01,3.0,0.497,6.918762
Roadside-V2,"3Bed
",62.99,0.408,3.6,0.824232,9,Ceiling,Plywood 12mm Thick Perforated 5mm Diameter Holes with 60mm Thick Fibreglass Between Mounting Battens,0.4,3.0,0.487,8.400824
Ind-Zone-V0,"3Bed
",80.75,0.585,1.35,0.554323,9,Ceiling,Plasterboard (12mm) in Suspended Ceiling Grid,0.15,3.0,0.372,8.108824
Roadside-V2,"3Bed
",60.32,0.381,1.08,0.748257,9,Ceiling,"Metal Ceiling, 32.5% Perforated, Backed by 30mm Rockwool",0.12,3.0,0.308,8.132824
HD-Urban-V0,"3Bed
",60.93,0.387,1.8,0.797249,9,Ceiling,Plywood 12mm Thick Perforated 5mm Diameter Holes with 60mm Deep Air Space Behind,0.2,3.0,0.477,5.730849
HD-Urban-V0,"3Bed
",64.2,0.372,0.594,0.928549,9,Window,Laminated Glass + Plaster on Masonry,0.066,6.0,0.476,5.684849
Ind-Zone-V0,"3Bed
",77.75,0.552,3.609,0.895827,9,Window,Glass Block + Fiberglass Board,0.401,6.0,0.421,8.35515
HD-Urban-V1,"3Bed
",57.61,0.32,0.324,0.880583,9,Window,Insulated Glazing Unit + Plaster with Wallpaper Backing,0.036,6.0,0.504,4.633194
HD-Urban-V1,"3Bed
",59.94,0.393,3.465,0.715202,9,Window,Wired Glass + Acoustic Plaster,0.385,6.0,0.466,6.868371
HD-Urban-V0,"3Bed
",60.47,0.379,1.35,0.894445,9,Door,Hollow-Core Wood Door + Wood Paneling,0.15,6.0,0.497,6.950371
GreenEdge-V3,"3Bed
",47.87,0.248,0.27,1.032051,9,Wall,Unpainted Brick,0.03,6.0,0.412,7.719499
Roadside-V1,"3Bed
",68.3,0.476,3.24,0.593245,9,Wall,Concrete Block (Coarse),0.36,6.0,0.22,7.729499
GreenEdge-V3,"3Bed
",41.67,0.204,0.18,0.769108,9,Wall,Plaster on Masonry,0.02,6.0,0.497,5.412547
HD-Urban-V1,"3Bed
",58.9,0.418,1.35,0.891418,9,Wall,Wood Paneling,0.15,6.0,0.497,6.090091
HD-Urban-V0,"3Bed
",64.38,0.451,0.45,0.85613,9,Wall,Gypsum Board,0.05,6.0,0.496,4.116353
Ind-Zone-V0,"3Bed
",78.68,0.594,2.7,0.658487,9,Floor,Thin Carpet on Wood,0.3,6.0,0.494,4.304353
MD-Urban-V2,"3Bed
",53.36,0.378,4.5,0.752141,9,Floor,Medium Pile Carpet,0.5,6.0,0.489,4.018353
HD-Urban-V1,"3Bed
",59.85,0.443,0.63,0.866627,9,Floor,Wood Parquet,0.07,6.0,0.471,4.864959
HD-Urban-V1,"3Bed
",56.49,0.409,0.63,0.937864,9,Floor,Wood Parquet,0.07,6.0,0.492,5.052959
Roadside-V1,"3Bed
",72.15,0.565,2.7,0.824936,9,Ceiling,"50mm Woodwool Slabs on 25mm Cavity, Pre-Screeded Surface Facing Cavity",0.3,6.0,0.327,4.766959
HD-Urban-V0,"3Bed
",62.37,0.463,3.78,0.769517,9,Ceiling,"Mineral Wool Tiles, 180mm Airspace",0.42,6.0,0.494,7.648159
Roadside-V2,"3Bed
",63.01,0.42,4.23,0.63483,9,Ceiling,Sprayed Cellulose Fiber (25mm on Timber Lath),0.47,6.0,0.466,7.836159
HD-Urban-V1,"3Bed
",56.79,0.357,0.09,0.562391,9,Ceiling,"Plaster (Gypsum or Lime, on Masonry)",0.01,6.0,0.309,7.550159
HD-Urban-V1,"3Bed
",59.37,0.383,2.511,0.753706,9,Window,Large Pane Glass + Concrete Block (Coarse),0.279,6.0,0.998,7.39836
MD-Urban-V2,"3Bed
",52.87,0.318,0.486,0.593974,9,Window,Frosted Glass + Gypsum Board,0.054,6.0,0.805,7.58636
Ind-Zone-V0,"3Bed
",76.09,0.55,3.717,0.667896,9,Window,Large Pane Glass + Fiberglass Board,0.413,6.0,0.917,7.30036
HD-Urban-V0,1Bed,61.43,0.396,0.162,0.821628,9,Window,Small Pane Glass + Painted Brick,0.018,3.0,0.478,4.633194
MD-Urban-V2,1Bed,54.8,0.33,0.207,0.433289,9,Window,Small Pane Glass + Plaster on Masonry,0.023,3.0,0.309,6.868371
Roadside-V1,1Bed,71.72,0.499,1.197,0.533242,9,Door,Single Pane Glass Door + Wood Paneling,0.133,3.0,0.309,6.950371
HD-Urban-V1,1Bed,57.27,0.354,3.24,0.830099,9,Wall,Concrete Block (Coarse),0.36,3.0,0.444,7.792499
GreenEdge-V3,1Bed,46.09,0.265,0.45,0.411514,9,Wall,Gypsum Board,0.05,3.0,0.313,7.802499
Roadside-V2,1Bed,62.88,0.37,3.24,0.544358,9,Wall,Concrete Block (Coarse),0.36,3.0,0.339,5.412547
Roadside-V2,1Bed,61.97,0.354,4.5,0.386339,9,Wall,Acoustic Plaster,0.5,3.0,0.469,6.090091
HD-Urban-V0,1Bed,64.25,0.424,1.35,0.414871,9,Floor,Cork Floor Tiles,0.15,3.0,0.483,4.199353
HD-Urban-V1,1Bed,56.88,0.303,4.5,0.376847,9,Floor,Thick Pile Carpet,0.5,3.0,0.467,4.387353
HD-Urban-V1,1Bed,55.8,0.363,1.35,0.423416,9,Floor,Cork Floor Tiles,0.15,3.0,0.467,4.101353
GreenEdge-V3,1Bed,41.29,0.148,4.5,0.359195,9,Floor,Medium Pile Carpet,0.5,3.0,0.917,4.970959
Roadside-V2,1Bed,62.99,0.411,0.72,0.423601,9,Ceiling,Sprayed Cellulose Fiber (25mm on Solid Backing),0.08,3.0,0.998,5.158959
Ind-Zone-V0,1Bed,80.75,0.555,2.43,0.421752,9,Ceiling,"Hardboard, 25% Perforated Over 50mm Mineral Wool",0.27,3.0,0.94,4.872959
Roadside-V2,1Bed,60.32,0.358,2.7,0.329211,9,Ceiling,"50mm Woodwool Slabs on 25mm Cavity, Pre-Screeded Surface Facing Cavity",0.3,3.0,0.917,4.128119
HD-Urban-V0,1Bed,60.93,0.357,3.6,0.853564,9,Ceiling,"Plywood, 12mm, with 30mm Thick Fibreglass Backing Between 30mm Battens",0.4,3.0,0.998,4.316119
HD-Urban-V0,1Bed,64.2,0.424,1.026,0.449203,9,Window,Glazed Ceramic Tile + Wood Paneling,0.114,3.0,0.778,4.030119
Ind-Zone-V0,1Bed,77.75,0.552,2.889,0.356939,9,Window,Large Pane Glass + Acoustic Plaster,0.321,6.0,0.975,4.113489
HD-Urban-V1,1Bed,57.61,0.32,0.846,0.358795,9,Window,Double Pane Glass + Plaster with Wallpaper Backing,0.094,6.0,0.984,4.301489
HD-Urban-V1,1Bed,59.94,0.393,0.135,0.531775,9,Window,Insulated Glazing Unit + Painted Brick,0.015,6.0,0.963,4.015489
HD-Urban-V0,1Bed,60.47,0.343,4.419,0.737021,9,Door,Acoustic Door + Acoustic Plaster,0.491,6.0,0.738,5.482488
GreenEdge-V3,1Bed,47.87,0.211,3.24,0.32632,9,Wall,Concrete Block (Coarse),0.36,6.0,0.975,5.670488
Roadside-V1,1Bed,68.3,0.476,0.18,0.393578,9,Wall,Plaster on Masonry,0.02,6.0,0.975,5.384488
GreenEdge-V3,1Bed,41.67,0.149,1.35,0.463644,9,Wall,Wood Paneling,0.15,6.0,0.895,4.970959
HD-Urban-V1,1Bed,58.9,0.333,5.85,0.356413,9,Wall,Fiberglass Board,0.65,6.0,0.895,5.158959
HD-Urban-V0,1Bed,64.38,0.437,4.5,0.742116,9,Wall,Acoustic Plaster,0.5,6.0,1.0,4.872959
Ind-Zone-V0,1Bed,78.68,0.552,2.7,0.688692,9,Floor,Thin Carpet on Wood,0.3,9.0,0.957,4.970959
MD-Urban-V2,1Bed,53.36,0.298,2.25,0.350466,9,Floor,Thin Carpet on Concrete,0.25,9.0,0.987,5.158959
HD-Urban-V1,1Bed,59.85,0.363,2.25,0.348444,9,Floor,Thin Carpet on Concrete,0.25,9.0,0.835,4.872959
HD-Urban-V1,1Bed,56.49,0.33,0.27,0.571061,9,Floor,Vinyl Tile,0.03,9.0,0.738,3.735388
Roadside-V1,1Bed,72.15,0.461,0.09,0.390083,9,Ceiling,"Plaster (Gypsum or Lime, on Masonry)",0.01,9.0,0.988,3.923388
HD-Urban-V0,1Bed,62.37,0.403,0.09,0.508277,9,Ceiling,"Plaster (Gypsum or Lime, on Masonry)",0.01,9.0,0.998,3.637388
Roadside-V2,1Bed,63.01,0.364,0.54,0.50801,9,Ceiling,"Mineral Wool Tiles, Glued/Screwed to Soffit",0.06,9.0,0.895,4.163045
HD-Urban-V1,1Bed,56.79,0.333,1.35,0.315557,9,Ceiling,"75mm Woodwool Fixed Directly to Concrete, Pre-Screeded Surface Facing Backing",0.15,9.0,0.85,4.351045
HD-Urban-V1,1Bed,59.37,0.339,2.556,0.473181,9,Window,Frosted Glass + Concrete Block (Coarse),0.284,9.0,0.361,4.065045
MD-Urban-V2,1Bed,52.87,0.293,0.216,0.468591,9,Window,Insulated Glazing Unit + Plaster on Masonry,0.024,9.0,0.49,3.892491
Ind-Zone-V0,1Bed,76.09,0.515,3.096,0.474342,9,Window,Single Pane Glass + Acoustic Plaster,0.344,12.0,0.49,4.080491
Roadside-V2,1Bed,62.22,0.376,0.162,0.489729,9,Window,Large Pane Glass + Painted Brick,0.018,12.0,0.485,3.794491
HD-Urban-V0,1Bed,60.73,0.34,3.888,0.522007,9,Door,Sliding Wood Door + Acoustic Plaster,0.432,12.0,0.465,3.725167
HD-Urban-V1,1Bed,59.52,0.36,4.14,0.609997,9,Wall,Concrete Block (Painted),0.46,12.0,0.492,3.913167
HD-Urban-V1,1Bed,55.63,0.284,0.18,0.658647,9,Wall,Plaster on Masonry,0.02,12.0,0.496,3.627167
HD-Urban-V0,1Bed,64.95,0.404,5.85,0.684302,9,Wall,Fiberglass Board,0.65,12.0,0.488,7.595926
Roadside-V1,1Bed,66.19,0.427,0.09,0.650225,9,Wall,Painted Brick,0.01,12.0,0.478,7.319013
GreenEdge-V3,1Bed,42.59,0.159,0.45,0.491223,9,Wall,Gypsum Board,0.05,12.0,0.308,6.125793
GreenEdge-V3,1Bed,48.44,0.238,0.09,0.639467,9,Floor,Marble,0.01,12.0,0.306,7.247892
Roadside-V2,1Bed,60.44,0.337,2.7,0.356544,9,Floor,Thin Carpet on Wood,0.3,12.0,0.422,7.342892
HD-Urban-V0,1Bed,60.46,0.328,0.27,0.619381,9,Floor,Vinyl Tile,0.03,12.0,0.445,7.218892
LD-Urban-V3,1Bed,49.24,0.225,4.5,0.337019,9,Floor,Thick Pile Carpet,0.5,12.0,0.444,6.914603
Roadside-V2,1Bed,60.97,0.338,0.9,0.583123,9,Ceiling,"Wood Panels, 18mm Alternate 15mm Slot & 35mm Wooden Slat with 25mm Rockwool Backing",0.1,12.0,0.483,7.412951
Roadside-V2,1Bed,61.3,0.367,0.09,0.508545,9,Ceiling,"Plaster (Gypsum or Lime, on Masonry)",0.01,12.0,0.489,6.990951
Roadside-V2,1Bed,64.56,0.389,1.8,0.446504,9,Ceiling,Plywood 12mm Thick Perforated 5mm Diameter Holes with 60mm Deep Air Space Behind,0.2,15.0,0.504,5.107985
Roadside-V1,1Bed,68.98,0.433,0.54,0.67806,9,Ceiling,"Mineral Wool Tiles, Glued/Screwed to Soffit",0.06,15.0,0.334,4.815985
HD-Urban-V0,1Bed,60.93,0.353,3.096,0.593875,9,Window,Single Pane Glass + Acoustic Plaster,0.344,15.0,0.483,4.839985
MD-Urban-V2,1Bed,53.92,0.282,0.405,0.454271,9,Window,Small Pane Glass + Gypsum Board,0.045,15.0,0.963,5.726994
LD-Urban-V3,1Bed,48.53,0.229,0.846,0.343611,9,Window,Double Pane Glass + Plaster with Wallpaper Backing,0.094,15.0,0.963,5.680994
HD-Urban-V0,1Bed,63.35,0.377,0.162,0.344838,9,Window,Small Pane Glass + Painted Brick,0.018,15.0,0.993,8.352213
Ind-Zone-V0,1Bed,77.22,0.515,0.288,0.340104,9,Window,Glazed Ceramic Tile + Plaster with Wallpaper Backing,0.032,15.0,0.975,4.633194
LD-Urban-V3,1Bed,48.88,0.232,0.27,0.505617,9,Door,Double Pane Glass Door + Unpainted Brick,0.03,15.0,0.985,6.868371
Roadside-V2,1Bed,64.11,0.371,0.36,0.343245,9,Wall,Plaster with Wallpaper Backing,0.04,15.0,0.975,6.950371
Roadside-V2,1Bed,61.12,0.354,0.18,0.423787,9,Wall,Plaster on Masonry,0.02,15.0,0.94,7.792499
GreenEdge-V3,1Bed,45.01,0.176,0.09,0.443227,9,Wall,Painted Brick,0.01,15.0,0.963,7.802499
HD-Urban-V0,"2Bed
",61.43,0.396,3.24,0.807355,9,Wall,Concrete Block (Coarse),0.36,3.0,0.805,5.412547
MD-Urban-V2,"2Bed
",54.8,0.33,0.09,0.93514,9,Floor,Marble,0.01,3.0,0.975,6.090091
Roadside-V1,"2Bed
",71.72,0.499,0.9,0.861346,9,Floor,Wood Flooring on Joists,0.1,3.0,0.975,4.199353
HD-Urban-V1,"2Bed
",57.27,0.307,0.63,0.654028,9,Floor,Wood Parquet,0.07,3.0,0.998,4.387353
GreenEdge-V3,"2Bed
",46.09,0.196,0.27,0.479643,9,Floor,Vinyl Tile,0.03,3.0,0.82,4.101353
Roadside-V2,"2Bed
",62.88,0.41,1.35,0.520755,9,Ceiling,"75mm Woodwool Fixed Directly to Concrete, Pre-Screeded Surface Facing Backing",0.15,3.0,0.984,4.970959
Roadside-V2,"2Bed
",61.97,0.354,6.3,1.196285,9,Ceiling,Sprayed Cellulose Fiber (75mm on Solid Backing),0.7,3.0,0.963,5.158959
HD-Urban-V0,"2Bed
",64.25,0.447,1.35,0.611586,9,Ceiling,Plasterboard (12mm) in Suspended Ceiling Grid,0.15,3.0,0.868,4.872959
HD-Urban-V1,"2Bed
",56.88,0.317,1.26,0.566237,9,Ceiling,"Plaster (Gypsum or Lime, Rough Finish or Timber Lath)",0.14,3.0,0.984,4.128119
HD-Urban-V1,"2Bed
",55.8,0.306,3.177,0.807692,9,Window,Large Pane Glass + Concrete Block (Painted),0.353,3.0,0.998,4.316119
GreenEdge-V3,"2Bed
",41.29,0.161,3.681,0.61178,9,Window,Small Pane Glass + Fiberglass Board,0.409,3.0,0.805,4.030119
Roadside-V2,"2Bed
",62.99,0.434,2.925,0.766667,9,Window,Wired Glass + Acoustic Plaster,0.325,3.0,0.975,4.113489
Ind-Zone-V0,"2Bed
",80.75,0.555,0.747,0.639947,9,Window,Double Pane Glass + Gypsum Board,0.083,3.0,0.917,4.301489
Roadside-V2,"2Bed
",60.32,0.408,0.432,0.649194,9,Door,Single Pane Glass Door + Gypsum Board,0.048,3.0,0.997,4.015489
HD-Urban-V0,"2Bed
",60.93,0.414,3.24,0.515888,9,Wall,Concrete Block (Coarse),0.36,3.0,0.908,5.482488
HD-Urban-V0,"2Bed
",64.2,0.416,4.14,0.515063,9,Wall,Concrete Block (Painted),0.46,6.0,0.992,5.670488
Ind-Zone-V0,"2Bed
",77.75,0.552,5.85,0.812789,9,Wall,Fiberglass Board,0.65,6.0,0.993,5.384488
HD-Urban-V1,"2Bed
",57.61,0.351,4.14,0.520054,9,Wall,Concrete Block (Painted),0.46,6.0,0.924,4.970959
HD-Urban-V1,"2Bed
",59.94,0.374,1.35,0.765452,9,Wall,Wood Paneling,0.15,6.0,0.821,5.158959
HD-Urban-V0,"2Bed
",60.47,0.379,4.5,0.731818,9,Floor,Thick Pile Carpet,0.5,6.0,0.979,4.872959
GreenEdge-V3,"2Bed
",47.87,0.272,0.09,0.650505,9,Floor,Terrazzo,0.01,6.0,0.979,4.970959
Roadside-V1,"2Bed
",68.3,0.457,0.27,0.482759,9,Floor,Vinyl Tile,0.03,6.0,0.979,5.158959
GreenEdge-V3,"2Bed
",41.67,0.21,4.5,0.575342,9,Floor,Medium Pile Carpet,0.5,6.0,0.979,4.872959
HD-Urban-V1,"2Bed
",58.9,0.382,1.8,0.967936,9,Ceiling,50mm Mineral Wool Behind 25% Open Area Perforated Steel,0.2,6.0,0.805,3.735388
HD-Urban-V0,"2Bed
",64.38,0.437,6.57,0.449093,9,Ceiling,"Metal Deck (Perforated Channels, 75mm Batts)",0.73,6.0,0.895,3.923388
Ind-Zone-V0,"2Bed
",78.68,0.58,0.9,0.612944,9,Ceiling,0.8mm Perforated Metal Tiles with 25mm Thick Resin-Bonded Fibreglass Slab,0.1,6.0,0.805,3.637388
MD-Urban-V2,"2Bed
",53.36,0.327,2.25,0.589204,9,Ceiling,"100mm Woodwool Fixed Directly to Concrete, Pre-Screeded Surface Facing Backing",0.25,6.0,0.85,4.163045
HD-Urban-V1,"2Bed
",59.85,0.392,0.306,0.50365,9,Window,Glass Block + Gypsum Board,0.034,6.0,0.94,4.351045
HD-Urban-V1,"2Bed
",56.49,0.358,0.27,0.714497,9,Window,Small Pane Glass + Unpainted Brick,0.03,6.0,0.8,4.065045
Roadside-V1,"2Bed
",72.15,0.515,0.999,0.50523,9,Window,Wired Glass + Wood Paneling,0.111,6.0,0.984,3.892491
HD-Urban-V0,"2Bed
",62.37,0.388,0.306,0.803661,9,Window,Glazed Ceramic Tile + Gypsum Board,0.034,9.0,0.924,4.080491
Roadside-V2,"2Bed
",63.01,0.395,0.594,0.628088,9,Window,Laminated Glass + Plaster on Masonry,0.066,9.0,0.844,3.794491
HD-Urban-V1,"2Bed
",56.79,0.333,0.783,0.955962,9,Door,Fire-Rated Door with Mineral Core + Plaster with Wallpaper Backing,0.087,9.0,0.949,3.725167
HD-Urban-V1,"2Bed
",59.37,0.322,1.35,0.67364,9,Wall,Wood Paneling,0.15,9.0,0.984,3.913167
MD-Urban-V2,"2Bed
",52.87,0.293,1.35,0.552474,9,Wall,Wood Paneling,0.15,9.0,0.988,3.627167
Ind-Zone-V0,"2Bed
",76.09,0.489,5.85,0.724953,9,Wall,Fiberglass Board,0.65,9.0,0.963,7.595926
Roadside-V2,"2Bed
",62.22,0.35,0.18,0.790831,9,Wall,Plaster on Masonry,0.02,9.0,0.979,7.319013
HD-Urban-V0,"2Bed
",60.73,0.336,2.25,0.675524,9,Floor,Thin Carpet on Concrete,0.25,9.0,0.984,6.125793
HD-Urban-V1,"2Bed
",59.52,0.323,2.7,0.609464,9,Floor,Thin Carpet on Wood,0.3,9.0,0.984,7.247892
HD-Urban-V1,"2Bed
",55.63,0.335,0.9,0.764543,9,Floor,Wood Flooring on Joists,0.1,9.0,0.917,7.342892
HD-Urban-V0,"2Bed
",64.95,0.429,2.7,0.849231,9,Floor,Thin Carpet on Wood,0.3,9.0,0.94,7.218892
Roadside-V1,"2Bed
",66.19,0.401,1.8,0.527869,9,Ceiling,50mm Mineral Wool Behind 25% Open Area Perforated Steel,0.2,9.0,0.985,6.914603
GreenEdge-V3,"2Bed
",42.59,0.205,2.7,0.536667,9,Ceiling,"50mm Woodwool Slabs on 25mm Cavity, Pre-Screeded Surface Facing Cavity",0.3,9.0,0.463,7.412951
GreenEdge-V3,"2Bed
",48.44,0.238,6.3,0.711864,9,Ceiling,Sprayed Cellulose Fiber (75mm on Solid Backing),0.7,12.0,0.483,6.990951
Roadside-V2,"2Bed
",60.44,0.358,4.59,0.52301,9,Ceiling,Underlay in Perforated Metal Panels (25mm Batts),0.51,12.0,0.483,5.107985
HD-Urban-V0,"2Bed
",60.46,0.359,2.826,0.617647,9,Window,Double Pane Glass + Concrete Block (Coarse),0.314,12.0,0.295,4.815985
LD-Urban-V3,"2Bed
",49.24,0.216,0.486,0.487879,9,Window,Frosted Glass + Gypsum Board,0.054,12.0,0.478,4.839985
Roadside-V2,"2Bed
",60.97,0.333,0.927,0.579832,9,Window,Insulated Glazing Unit + Wood Paneling,0.103,12.0,0.497,5.726994
Roadside-V2,"2Bed
",61.3,0.336,1.026,0.882192,9,Window,Glass Block + Wood Paneling,0.114,12.0,0.487,5.680994
Roadside-V2,"2Bed
",64.56,0.369,0.234,0.775281,9,Door,Solid Wood Door + Plaster on Masonry,0.026,12.0,0.372,8.352213
Roadside-V1,"2Bed
",68.98,0.455,0.36,0.467005,9,Wall,Plaster with Wallpaper Backing,0.04,12.0,0.308,4.633194
HD-Urban-V0,"2Bed
",60.93,0.374,0.09,0.666667,9,Wall,Painted Brick,0.01,12.0,0.477,6.868371
MD-Urban-V2,"2Bed
",53.92,0.262,4.14,0.622022,9,Wall,Concrete Block (Painted),0.46,12.0,0.476,6.950371
LD-Urban-V3,"2Bed
",48.53,0.239,4.5,0.817951,9,Wall,Acoustic Plaster,0.5,12.0,0.421,7.792499
HD-Urban-V0,"2Bed
",63.35,0.388,0.18,0.947523,9,Wall,Plaster on Masonry,0.02,12.0,0.504,7.802499
Ind-Zone-V0,"2Bed
",77.22,0.515,2.25,1.481595,9,Floor,Thin Carpet on Concrete,0.25,15.0,0.466,5.412547
LD-Urban-V3,"2Bed
",48.88,0.232,2.7,0.685593,9,Floor,Thin Carpet on Wood,0.3,15.0,0.497,6.090091
Roadside-V2,"2Bed
",64.11,0.359,2.7,0.567901,9,Floor,Thin Carpet on Wood,0.3,15.0,0.412,4.199353
Roadside-V2,"2Bed
",61.12,0.329,2.25,0.721434,9,Floor,Thin Carpet on Concrete,0.25,15.0,0.22,4.387353
GreenEdge-V3,"2Bed
",45.01,0.193,2.7,0.854489,9,Ceiling,"50mm Woodwool Slabs on 25mm Cavity, Pre-Screeded Surface Facing Cavity",0.3,15.0,0.497,4.101353
HD-Urban-V1,"2Bed
",55.14,0.269,4.5,0.625648,9,Ceiling,"100mm Woodwool Slabs on 25mm Cavity, Pre-Screeded Surface Facing Cavity",0.5,15.0,0.497,4.970959
HD-Urban-V1,"2Bed
",57.89,0.297,0.45,0.87027,9,Ceiling,Sprayed Cellulose Fiber (16mm on Solid Backing),0.05,15.0,0.496,5.158959
Ind-Zone-V0,"2Bed
",77.2,0.523,1.8,0.757944,9,Ceiling,50mm Mineral Wool Behind 25% Open Area Perforated Steel,0.2,15.0,0.494,4.872959
GreenEdge-V3,"2Bed
",47.64,0.194,0.36,0.541632,9,Window,Large Pane Glass + Plaster with Wallpaper Backing,0.04,15.0,0.489,4.128119
MD-Urban-V2,"2Bed
",51.25,0.23,2.565,0.889503,9,Window,Glass Block + Concrete Block (Painted),0.285,15.0,0.471,4.316119
HD-Urban-V1,"2Bed
",58.5,0.295,0.216,0.522021,9,Window,Small Pane Glass + Plaster on Masonry,0.024,15.0,0.492,4.030119
HD-Urban-V1,"2Bed
",57.83,0.288,0.09,0.554854,9,Window,Glass Block + Painted Brick,0.01,15.0,0.327,4.113489
HD-Urban-V0,"3Bed
",61.43,0.349,0.657,0.683329,9,Door,Laminated Glass Door + Gypsum Board,0.073,3.0,0.494,4.301489
MD-Urban-V2,"3Bed
",54.8,0.33,0.18,0.762431,9,Wall,Plaster on Masonry,0.02,3.0,0.466,4.015489
Roadside-V1,"3Bed
",71.72,0.465,0.36,0.692639,9,Wall,Plaster with Wallpaper Backing,0.04,3.0,0.309,5.482488
HD-Urban-V1,"3Bed
",57.27,0.32,1.35,0.78494,9,Wall,Wood Paneling,0.15,3.0,0.998,5.670488
GreenEdge-V3,"3Bed
",46.09,0.242,0.09,0.54148,9,Wall,Painted Brick,0.01,3.0,0.805,5.384488
Roadside-V2,"3Bed
",62.88,0.433,1.35,0.734973,9,Wall,Wood Paneling,0.15,3.0,0.917,4.970959
Roadside-V2,"3Bed
",61.97,0.424,4.5,0.687218,9,Floor,Thick Pile Carpet,0.5,3.0,0.805,5.158959
HD-Urban-V0,"3Bed
",64.25,0.447,0.27,0.58664,9,Floor,Vinyl Tile,0.03,3.0,0.967,4.872959
HD-Urban-V1,"3Bed
",56.88,0.373,0.63,0.77013,9,Floor,Wood Parquet,0.07,3.0,0.94,4.970959
HD-Urban-V1,"3Bed
",55.8,0.363,4.5,0.664374,9,Floor,Medium Pile Carpet,0.5,3.0,0.702,5.158959
GreenEdge-V3,"3Bed
",41.29,0.187,3.6,0.67364,9,Ceiling,Plywood 12mm Thick Perforated 5mm Diameter Holes with 60mm Thick Fibreglass Between Mounting Battens,0.4,6.0,0.805,4.872959
Roadside-V2,"3Bed
",62.99,0.404,2.7,0.704595,9,Ceiling,Perforated Underside of Structural Steel Decking,0.3,6.0,0.988,3.735388
Ind-Zone-V0,"3Bed
",80.75,0.54,1.35,1.138256,9,Ceiling,"75mm Woodwool Fixed Directly to Concrete, Pre-Screeded Surface Facing Backing",0.15,6.0,0.994,3.923388
Roadside-V2,"3Bed
",60.32,0.378,3.78,0.871055,9,Ceiling,"Mineral Wool Tiles, 180mm Airspace",0.42,6.0,0.887,3.637388
HD-Urban-V0,"3Bed
",60.93,0.341,0.297,0.958333,9,Window,Single Pane Glass + Painted Brick,0.033,6.0,0.994,4.163045
HD-Urban-V0,"3Bed
",64.2,0.386,0.378,0.552737,9,Window,Frosted Glass + Unpainted Brick,0.042,6.0,0.99,4.351045
Ind-Zone-V0,"3Bed
",77.75,0.51,2.889,0.58664,9,Window,Large Pane Glass + Acoustic Plaster,0.321,6.0,0.831,4.065045
HD-Urban-V1,"3Bed
",57.61,0.369,2.439,0.810176,9,Window,Glazed Ceramic Tile + Concrete Block (Coarse),0.271,6.0,0.868,3.892491
HD-Urban-V1,"3Bed
",59.94,0.344,5.103,0.62673,9,Door,Plywood Door + Fiberglass Board,0.567,6.0,0.868,4.080491
HD-Urban-V0,"3Bed
",60.47,0.349,4.14,0.625513,9,Wall,Concrete Block (Painted),0.46,6.0,0.738,3.794491
GreenEdge-V3,"3Bed
",47.87,0.223,0.36,0.924697,9,Wall,Plaster with Wallpaper Backing,0.04,6.0,0.963,3.725167
Roadside-V1,"3Bed
",68.3,0.427,1.35,0.612426,9,Wall,Wood Paneling,0.15,6.0,0.963,3.913167
GreenEdge-V3,"3Bed
",41.67,0.181,1.35,0.794626,9,Wall,Wood Paneling,0.15,9.0,0.984,3.627167
HD-Urban-V1,"3Bed
",58.9,0.354,0.09,0.55137,9,Wall,Painted Brick,0.01,9.0,0.805,
HD-Urban-V0,"3Bed
",64.38,0.372,0.63,0.617384,9,Floor,Wood Parquet,0.07,9.0,0.975,
Ind-Zone-V0,"3Bed
",78.68,0.526,0.27,0.859176,9,Floor,Vinyl Tile,0.03,9.0,0.967,
MD-Urban-V2,"3Bed
",53.36,0.313,2.25,0.47099,9,Floor,Thin Carpet on Concrete,0.25,9.0,0.976,
HD-Urban-V1,"3Bed
",59.85,0.338,4.5,0.543511,9,Floor,Thick Pile Carpet,0.5,9.0,0.994,
HD-Urban-V1,"3Bed
",56.49,0.304,0.9,0.76525,9,Ceiling,0.8mm Perforated Metal Tiles with 25mm Thick Resin-Bonded Fibreglass Slab,0.1,9.0,0.8,
Roadside-V1,"3Bed
",72.15,0.461,4.59,0.767479,9,Ceiling,Underlay in Perforated Metal Panels (25mm Batts),0.51,9.0,0.978,
HD-Urban-V0,"3Bed
",62.37,0.388,1.08,0.710468,9,Ceiling,"Metal Ceiling, 32.5% Perforated, Backed by 30mm Rockwool",0.12,9.0,0.957,
Roadside-V2,"3Bed
",63.01,0.409,0.9,0.761429,9,Ceiling,0.8mm Perforated Metal Tiles with 25mm Thick Resin-Bonded Fibreglass Slab,0.1,9.0,0.985,
HD-Urban-V1,"3Bed
",56.79,0.347,4.59,0.771566,9,Window,Single Pane Glass + Fiberglass Board,0.51,9.0,0.978,
HD-Urban-V1,"3Bed
",59.37,0.373,3.717,0.690822,9,Window,Large Pane Glass + Fiberglass Board,0.413,9.0,0.984,
MD-Urban-V2,"3Bed
",52.87,0.308,3.681,0.65285,9,Window,Small Pane Glass + Fiberglass Board,0.409,9.0,0.998,
Ind-Zone-V0,"3Bed
",76.09,0.54,0.288,1.124564,9,Window,Glazed Ceramic Tile + Plaster with Wallpaper Backing,0.032,9.0,0.805,
Roadside-V2,"3Bed
",62.22,0.376,4.185,1.043572,9,Door,Steel Door with Acoustic Treatment + Concrete Block (Painted),0.465,12.0,0.463,
HD-Urban-V0,"3Bed
",60.73,0.361,1.35,0.812903,9,Wall,Wood Paneling,0.15,12.0,0.502,
HD-Urban-V1,"3Bed
",59.52,0.349,3.24,1.503112,9,Wall,Concrete Block (Coarse),0.36,12.0,0.328,
HD-Urban-V1,"3Bed
",55.63,0.28,4.5,0.626324,9,Wall,Acoustic Plaster,0.5,12.0,0.327,
HD-Urban-V0,"3Bed
",64.95,0.373,3.24,0.569352,9,Wall,Concrete Block (Coarse),0.36,12.0,0.465,
Roadside-V1,"3Bed
",66.19,0.385,5.85,0.70374,9,Wall,Fiberglass Board,0.65,12.0,0.483,
GreenEdge-V3,"3Bed
",42.59,0.18,2.7,0.902523,9,Floor,Thin Carpet on Wood,0.3,12.0,0.478,
GreenEdge-V3,"3Bed
",48.44,0.238,0.09,0.645147,9,Floor,Marble,0.01,12.0,0.309,
Roadside-V2,"3Bed
",60.44,0.358,0.9,0.834197,9,Floor,Wood Flooring on Joists,0.1,12.0,0.309,
HD-Urban-V0,"3Bed
",60.46,0.359,0.27,0.702546,9,Floor,Vinyl Tile,0.03,12.0,0.444,
LD-Urban-V3,"3Bed
",49.24,0.246,0.72,0.671766,9,Ceiling,Sprayed Cellulose Fiber (25mm on Solid Backing),0.08,12.0,0.313,
Roadside-V2,"3Bed
",60.97,0.353,6.57,0.672858,9,Ceiling,"Metal Deck (Perforated Channels, 75mm Batts)",0.73,15.0,0.339,
Roadside-V2,"3Bed
",61.3,0.323,2.7,0.777569,9,Ceiling,"50mm Woodwool Slabs on 25mm Cavity, Pre-Screeded Surface Facing Cavity",0.3,15.0,0.469,
Roadside-V2,"3Bed
",64.56,0.355,0.72,0.562828,9,Ceiling,Sprayed Cellulose Fiber (25mm on Solid Backing),0.08,15.0,0.483,
Roadside-V1,"3Bed
",68.98,0.441,0.36,0.894721,9,Window,Single Pane Glass + Plaster on Masonry,0.04,15.0,0.467,
HD-Urban-V0,"3Bed
",60.93,0.344,3.753,0.692804,9,Window,Wired Glass + Fiberglass Board,0.417,15.0,0.467,
MD-Urban-V2,"3Bed
",53.92,0.278,3.447,0.842932,9,Window,Laminated Glass + Acoustic Plaster,0.383,15.0,0.917,
LD-Urban-V3,"3Bed
",48.53,0.22,0.09,0.535576,9,Window,Glazed Ceramic Tile + Painted Brick,0.01,15.0,0.998,
HD-Urban-V0,"3Bed
",63.35,0.368,0.513,0.897214,9,Door,Hollow-Core Wood Door + Plaster with Wallpaper Backing,0.057,15.0,0.94,
Ind-Zone-V0,"3Bed
",77.22,0.507,0.09,0.908464,9,Wall,Painted Brick,0.01,15.0,0.917,
LD-Urban-V3,"3Bed
",48.88,0.223,0.36,0.665137,9,Wall,Plaster with Wallpaper Backing,0.04,15.0,0.998,
HD-Urban-V0,1Bed,61.43,0.396,0.27,0.451512,9,Wall,Unpainted Brick,0.03,3.0,0.778,
MD-Urban-V2,1Bed,54.8,0.33,0.36,0.634429,9,Wall,Plaster with Wallpaper Backing,0.04,3.0,0.975,
Roadside-V1,1Bed,71.72,0.499,0.09,0.297669,9,Wall,Painted Brick,0.01,3.0,0.984,5.884256
HD-Urban-V1,1Bed,57.27,0.354,2.25,0.328205,9,Floor,Thin Carpet on Concrete,0.25,3.0,0.963,5.860256
GreenEdge-V3,1Bed,46.09,0.265,0.09,0.597918,9,Floor,Marble,0.01,3.0,0.738,5.853256
Roadside-V2,1Bed,62.88,0.37,4.5,0.399766,9,Floor,Thick Pile Carpet,0.5,3.0,0.975,7.414182
Roadside-V2,1Bed,61.97,0.354,2.25,0.334917,9,Floor,Thin Carpet on Concrete,0.25,3.0,0.975,6.996182
HD-Urban-V0,1Bed,64.25,0.424,2.25,0.421385,9,Ceiling,"Plasterboard 10mm Thick, Perforated 8mm Diameter Holes with 25mm Bitumen-Bonded Fibreglass",0.25,3.0,0.895,7.222182
HD-Urban-V1,1Bed,56.88,0.303,3.6,0.379809,9,Ceiling,"Plywood, 5mm, on Battens with 50mm Airspace Filled with Glass Wool",0.4,3.0,0.895,6.116407
HD-Urban-V1,1Bed,55.8,0.363,0.45,0.497034,9,Ceiling,Sprayed Cellulose Fiber (16mm on Solid Backing),0.05,3.0,1.0,6.338407
GreenEdge-V3,1Bed,41.29,0.148,4.23,0.322832,9,Ceiling,Sprayed Cellulose Fiber (25mm on Timber Lath),0.47,3.0,0.957,6.189407
Roadside-V2,1Bed,62.99,0.411,4.455,0.897988,9,Window,Large Pane Glass + Fiberglass Board,0.495,3.0,0.987,6.640042
Ind-Zone-V0,1Bed,80.75,0.555,2.853,0.480953,9,Window,Insulated Glazing Unit + Acoustic Plaster,0.317,3.0,0.835,6.100411
Roadside-V2,1Bed,60.32,0.358,2.88,0.490973,9,Window,Single Pane Glass + Concrete Block (Painted),0.32,3.0,0.738,6.431932
HD-Urban-V0,1Bed,60.93,0.357,3.15,0.689183,9,Window,Small Pane Glass + Concrete Block (Painted),0.35,3.0,0.988,8.613692
HD-Urban-V0,1Bed,64.2,0.424,0.297,0.481193,9,Door,Sliding Wood Door + Unpainted Brick,0.033,3.0,0.998,8.393209
Ind-Zone-V0,1Bed,77.75,0.552,4.14,0.437013,9,Wall,Concrete Block (Painted),0.46,6.0,0.895,5.504494
HD-Urban-V1,1Bed,57.61,0.32,4.5,0.402095,9,Wall,Acoustic Plaster,0.5,6.0,0.85,5.915365
HD-Urban-V1,1Bed,59.94,0.393,0.18,0.41738,9,Wall,Plaster on Masonry,0.02,6.0,0.361,5.40671
HD-Urban-V0,1Bed,60.47,0.343,3.24,0.663167,9,Wall,Concrete Block (Coarse),0.36,6.0,0.491,5.77471
GreenEdge-V3,1Bed,47.87,0.211,1.35,0.361209,9,Wall,Wood Paneling,0.15,6.0,0.491,5.48771
Roadside-V1,1Bed,68.3,0.476,0.9,0.425092,9,Floor,Wood Flooring on Joists,0.1,6.0,0.485,5.351682
GreenEdge-V3,1Bed,41.67,0.149,0.63,0.376406,9,Floor,Wood Parquet,0.07,6.0,0.465,5.368682
HD-Urban-V1,1Bed,58.9,0.333,4.5,0.439397,9,Floor,Thick Pile Carpet,0.5,6.0,0.492,7.287429
HD-Urban-V0,1Bed,64.38,0.437,4.5,0.475743,9,Floor,Medium Pile Carpet,0.5,6.0,0.496,5.182903
Ind-Zone-V0,1Bed,78.68,0.552,0.09,0.536499,9,Ceiling,"Plaster (Gypsum or Lime, on Masonry)",0.01,9.0,0.488,9.017588
MD-Urban-V2,1Bed,53.36,0.298,2.25,0.310387,9,Ceiling,"Plasterboard 10mm Thick, Perforated 8mm Diameter Holes with 25mm Bitumen-Bonded Fibreglass",0.25,9.0,0.478,7.554601
HD-Urban-V1,1Bed,59.85,0.363,2.16,0.23988,9,Ceiling,Wood Tongue-and-Groove Roof Decking,0.24,9.0,0.308,7.337601
HD-Urban-V1,1Bed,56.49,0.33,4.05,0.516151,9,Ceiling,"12% Perforated Plaster Tiles with Absorbent Felt, 200mm Ceiling Void",0.45,9.0,0.307,9.472195
Roadside-V1,1Bed,72.15,0.461,0.288,0.505882,9,Window,Glazed Ceramic Tile + Plaster with Wallpaper Backing,0.032,9.0,0.422,7.069286
HD-Urban-V0,1Bed,62.37,0.403,3.753,0.587734,9,Window,Wired Glass + Fiberglass Board,0.417,9.0,0.446,8.5327
Roadside-V2,1Bed,63.01,0.364,0.864,0.350848,9,Window,Laminated Glass + Unpainted Brick,0.096,9.0,0.444,6.262022
HD-Urban-V1,1Bed,56.79,0.333,4.77,0.400263,9,Window,Double Pane Glass + Fiberglass Board,0.53,9.0,0.483,6.231022
HD-Urban-V1,1Bed,59.37,0.339,1.053,0.33284,9,Door,Steel Door with Acoustic Treatment + Gypsum Board,0.117,9.0,0.489,6.499022
MD-Urban-V2,1Bed,52.87,0.293,3.24,0.32621,9,Wall,Concrete Block (Coarse),0.36,9.0,0.504,6.51934
Ind-Zone-V0,1Bed,76.09,0.515,1.35,0.349578,9,Wall,Wood Paneling,0.15,12.0,0.334,6.14834
Roadside-V2,1Bed,62.22,0.376,0.27,0.287228,9,Wall,Unpainted Brick,0.03,12.0,0.483,5.40614
HD-Urban-V0,1Bed,60.73,0.34,0.18,0.583828,9,Wall,Plaster on Masonry,0.02,12.0,0.963,5.16514
HD-Urban-V1,1Bed,59.52,0.36,5.85,0.35187,9,Wall,Fiberglass Board,0.65,12.0,0.963,6.458116
HD-Urban-V1,1Bed,55.63,0.284,0.9,0.438003,9,Floor,Wood Flooring on Joists,0.1,12.0,0.993,6.217116
HD-Urban-V0,1Bed,64.95,0.404,2.7,0.253206,9,Floor,Thin Carpet on Wood,0.3,12.0,0.975,6.828367
Roadside-V1,1Bed,66.19,0.427,0.09,0.545895,9,Floor,Terrazzo,0.01,12.0,0.985,6.587367
GreenEdge-V3,1Bed,42.59,0.159,0.27,0.661805,9,Floor,Vinyl Tile,0.03,12.0,0.975,5.408777
GreenEdge-V3,1Bed,48.44,0.238,1.35,0.553716,9,Ceiling,"75mm Woodwool Fixed Directly to Concrete, Pre-Screeded Surface Facing Backing",0.15,12.0,0.94,5.167777
Roadside-V2,1Bed,60.44,0.337,0.45,0.379362,9,Ceiling,Sprayed Cellulose Fiber (16mm on Solid Backing),0.05,12.0,0.963,5.389345
HD-Urban-V0,1Bed,60.46,0.328,1.35,0.452145,9,Ceiling,"75mm Woodwool Fixed Directly to Concrete, Pre-Screeded Surface Facing Backing",0.15,12.0,0.805,5.148345
LD-Urban-V3,1Bed,49.24,0.225,4.59,0.438998,9,Ceiling,Underlay in Perforated Metal Panels (25mm Batts),0.51,12.0,0.975,8.444935
Roadside-V2,1Bed,60.97,0.338,1.467,0.544665,9,Window,Laminated Glass + Wood Paneling,0.163,12.0,0.975,8.203935
Roadside-V2,1Bed,61.3,0.367,0.261,0.528864,9,Window,Frosted Glass + Painted Brick,0.029,12.0,0.998,8.444935
Roadside-V2,1Bed,64.56,0.389,3.447,0.453206,9,Window,Laminated Glass + Acoustic Plaster,0.383,15.0,0.82,8.203935
Roadside-V1,1Bed,68.98,0.433,3.15,0.703228,9,Window,Insulated Glazing Unit + Concrete Block (Painted),0.35,15.0,0.984,8.444935
HD-Urban-V0,1Bed,60.93,0.353,1.197,0.641164,9,Door,Single Pane Glass Door + Wood Paneling,0.133,15.0,0.963,8.203935
MD-Urban-V2,1Bed,53.92,0.282,3.24,0.464983,9,Wall,Concrete Block (Coarse),0.36,15.0,0.868,6.632957
LD-Urban-V3,1Bed,48.53,0.229,1.35,0.365721,9,Wall,Wood Paneling,0.15,15.0,0.984,6.391957
HD-Urban-V0,1Bed,63.35,0.377,0.45,0.456849,9,Wall,Gypsum Board,0.05,15.0,0.998,6.454383
Ind-Zone-V0,1Bed,77.22,0.515,4.5,0.468591,9,Wall,Acoustic Plaster,0.5,15.0,0.805,6.213383
LD-Urban-V3,1Bed,48.88,0.232,3.24,0.463422,9,Wall,Concrete Block (Coarse),0.36,15.0,0.975,6.359975
Roadside-V2,1Bed,64.11,0.371,4.5,0.404282,9,Floor,Medium Pile Carpet,0.5,15.0,0.917,6.118975
Roadside-V2,1Bed,61.12,0.354,2.7,0.642443,9,Floor,Thin Carpet on Wood,0.3,15.0,0.997,6.454382
GreenEdge-V3,1Bed,45.01,0.176,0.09,0.366693,9,Floor,Terrazzo,0.01,15.0,0.908,6.213382
HD-Urban-V0,"2Bed
",61.43,0.396,0.27,0.807355,9,Floor,Vinyl Tile,0.03,3.0,0.992,6.359975
MD-Urban-V2,"2Bed
",54.8,0.33,4.59,0.93514,9,Ceiling,Underlay in Perforated Metal Panels (25mm Batts),0.51,3.0,0.993,6.118975
Roadside-V1,"2Bed
",71.72,0.499,0.9,0.861346,9,Ceiling,"Wood Panels, 18mm Alternate 15mm Slot & 35mm Wooden Slat with 25mm Rockwool Backing",0.1,3.0,0.924,7.992177
HD-Urban-V1,"2Bed
",57.27,0.307,1.35,0.654028,9,Ceiling,Plasterboard (12mm) in Suspended Ceiling Grid,0.15,3.0,0.821,7.751177
GreenEdge-V3,"2Bed
",46.09,0.196,4.5,0.479643,9,Ceiling,"100mm Woodwool Slabs on 25mm Cavity, Pre-Screeded Surface Facing Cavity",0.5,3.0,0.979,8.444935
Roadside-V2,"2Bed
",62.88,0.41,2.646,0.520755,9,Window,Single Pane Glass + Concrete Block (Coarse),0.294,3.0,0.979,8.203935
Roadside-V2,"2Bed
",61.97,0.354,0.81,1.196285,9,Window,Laminated Glass + Plaster on Masonry,0.09,3.0,0.979,5.884256
HD-Urban-V0,"2Bed
",64.25,0.447,0.432,0.611586,9,Window,Frosted Glass + Plaster with Wallpaper Backing,0.048,3.0,0.979,5.860256
HD-Urban-V1,"2Bed
",56.88,0.317,0.477,0.566237,9,Window,Frosted Glass + Gypsum Board,0.053,3.0,0.805,5.853256
HD-Urban-V1,"2Bed
",55.8,0.306,5.004,0.807692,9,Door,Double Pane Glass Door + Fiberglass Board,0.556,3.0,0.895,7.414182
GreenEdge-V3,"2Bed
",41.29,0.161,4.5,0.61178,9,Wall,Acoustic Plaster,0.5,3.0,0.805,6.996182
Roadside-V2,"2Bed
",62.99,0.434,0.45,0.766667,9,Wall,Gypsum Board,0.05,3.0,0.85,7.222182
Ind-Zone-V0,"2Bed
",80.75,0.555,0.36,0.639947,9,Wall,Plaster with Wallpaper Backing,0.04,3.0,0.94,6.116407
Roadside-V2,"2Bed
",60.32,0.408,0.27,0.649194,9,Wall,Unpainted Brick,0.03,3.0,0.8,6.338407
HD-Urban-V0,"2Bed
",60.93,0.414,5.85,0.515888,9,Wall,Fiberglass Board,0.65,3.0,0.984,6.189407
HD-Urban-V0,"2Bed
",64.2,0.416,0.09,0.515063,9,Floor,Terrazzo,0.01,6.0,0.924,6.640042
Ind-Zone-V0,"2Bed
",77.75,0.552,4.5,0.812789,9,Floor,Thick Pile Carpet,0.5,6.0,0.844,6.100411
HD-Urban-V1,"2Bed
",57.61,0.351,0.27,0.520054,9,Floor,Vinyl Tile,0.03,6.0,0.949,6.431932
HD-Urban-V1,"2Bed
",59.94,0.374,0.27,0.765452,9,Floor,Vinyl Tile,0.03,6.0,0.984,8.613692
HD-Urban-V0,"2Bed
",60.47,0.379,2.25,0.731818,9,Ceiling,"Plasterboard 10mm Thick, Perforated 8mm Diameter Holes with 25mm Bitumen-Bonded Fibreglass",0.25,6.0,0.988,8.393209
GreenEdge-V3,"2Bed
",47.87,0.272,3.6,0.650505,9,Ceiling,"Plywood, 5mm, on Battens with 50mm Airspace Filled with Glass Wool",0.4,6.0,0.963,5.504494
Roadside-V1,"2Bed
",68.3,0.457,2.25,0.482759,9,Ceiling,"Plasterboard 10mm Thick, Perforated 8mm Diameter Holes with 25mm Bitumen-Bonded Fibreglass",0.25,6.0,0.979,5.915365
GreenEdge-V3,"2Bed
",41.67,0.21,3.78,0.575342,9,Ceiling,"Mineral Wool Tiles, 180mm Airspace",0.42,6.0,0.984,5.40671
HD-Urban-V1,"2Bed
",58.9,0.382,0.207,0.967936,9,Window,Small Pane Glass + Plaster on Masonry,0.023,6.0,0.984,5.77471
HD-Urban-V0,"2Bed
",64.38,0.437,3.609,0.449093,9,Window,Glass Block + Fiberglass Board,0.401,6.0,0.917,5.48771
Ind-Zone-V0,"2Bed
",78.68,0.58,2.331,0.612944,9,Window,Single Pane Glass + Concrete Block (Coarse),0.259,6.0,0.94,5.351682
MD-Urban-V2,"2Bed
",53.36,0.327,2.871,0.589204,9,Window,Laminated Glass + Concrete Block (Coarse),0.319,6.0,0.985,5.368682
HD-Urban-V1,"2Bed
",59.85,0.392,0.981,0.50365,9,Door,Acoustic Door + Gypsum Board,0.109,6.0,0.463,7.287429
HD-Urban-V1,"2Bed
",56.49,0.358,0.18,0.714497,9,Wall,Plaster on Masonry,0.02,6.0,0.483,5.182903
Roadside-V1,"2Bed
",72.15,0.515,0.18,0.50523,9,Wall,Plaster on Masonry,0.02,6.0,0.483,9.017588
HD-Urban-V0,"2Bed
",62.37,0.388,0.45,0.803661,9,Wall,Gypsum Board,0.05,9.0,0.295,7.554601
Roadside-V2,"2Bed
",63.01,0.395,4.14,0.628088,9,Wall,Concrete Block (Painted),0.46,9.0,0.478,7.337601
HD-Urban-V1,"2Bed
",56.79,0.333,5.85,0.955962,9,Wall,Fiberglass Board,0.65,9.0,0.497,9.472195
HD-Urban-V1,"2Bed
",59.37,0.322,0.09,0.67364,9,Floor,Terrazzo,0.01,9.0,0.487,7.069286
MD-Urban-V2,"2Bed
",52.87,0.293,0.9,0.552474,9,Floor,Wood Flooring on Joists,0.1,9.0,0.372,8.5327
Ind-Zone-V0,"2Bed
",76.09,0.489,2.25,0.724953,9,Floor,Thin Carpet on Concrete,0.25,9.0,0.308,6.262022
Roadside-V2,"2Bed
",62.22,0.35,4.5,0.790831,9,Floor,Thick Pile Carpet,0.5,9.0,0.477,6.231022
HD-Urban-V0,"2Bed
",60.73,0.336,6.57,0.675524,9,Ceiling,"Metal Deck (Perforated Channels, 75mm Batts)",0.73,9.0,0.477,6.499022
HD-Urban-V1,"2Bed
",59.52,0.323,1.26,0.609464,9,Ceiling,"Plaster (Gypsum or Lime, Rough Finish or Timber Lath)",0.14,9.0,0.421,6.51934
HD-Urban-V1,"2Bed
",55.63,0.335,6.3,0.764543,9,Ceiling,Sprayed Cellulose Fiber (75mm on Solid Backing),0.7,9.0,0.504,6.14834
HD-Urban-V0,"2Bed
",64.95,0.429,0.9,0.849231,9,Ceiling,0.8mm Perforated Metal Tiles with 25mm Thick Resin-Bonded Fibreglass Slab,0.1,9.0,0.467,5.40614
Roadside-V1,"2Bed
",66.19,0.401,0.153,0.527869,9,Window,Glazed Ceramic Tile + Plaster on Masonry,0.017,9.0,0.498,5.16514
GreenEdge-V3,"2Bed
",42.59,0.205,0.621,0.536667,9,Window,Single Pane Glass + Gypsum Board,0.069,9.0,0.412,6.458116
GreenEdge-V3,"2Bed
",48.44,0.238,2.088,0.711864,9,Window,Small Pane Glass + Concrete Block (Coarse),0.232,12.0,0.22,6.217116
Roadside-V2,"2Bed
",60.44,0.358,0.135,0.52301,9,Window,Insulated Glazing Unit + Painted Brick,0.015,12.0,0.497,6.828367
HD-Urban-V0,"2Bed
",60.46,0.359,0.441,0.617647,9,Door,Plywood Door + Plaster with Wallpaper Backing,0.049,12.0,0.497,6.587367
LD-Urban-V3,"2Bed
",49.24,0.216,0.09,0.487879,9,Wall,Painted Brick,0.01,12.0,0.496,5.408777
Roadside-V2,"2Bed
",60.97,0.333,4.14,0.579832,9,Wall,Concrete Block (Painted),0.46,12.0,0.494,5.167777
Roadside-V2,"2Bed
",61.3,0.336,0.27,0.882192,9,Wall,Unpainted Brick,0.03,12.0,0.489,5.389345
Roadside-V2,"2Bed
",64.56,0.369,0.45,0.775281,9,Wall,Gypsum Board,0.05,12.0,0.471,5.148345
Roadside-V1,"2Bed
",68.98,0.455,0.36,0.467005,9,Wall,Plaster with Wallpaper Backing,0.04,12.0,0.492,8.444935
HD-Urban-V0,"2Bed
",60.93,0.374,0.9,0.666667,9,Floor,Wood Flooring on Joists,0.1,12.0,0.327,8.203935
MD-Urban-V2,"2Bed
",53.92,0.262,0.09,0.622022,9,Floor,Marble,0.01,12.0,0.494,8.444935
LD-Urban-V3,"2Bed
",48.53,0.239,4.5,0.817951,9,Floor,Thick Pile Carpet,0.5,12.0,0.466,8.203935
HD-Urban-V0,"2Bed
",63.35,0.388,0.63,0.947523,9,Floor,Wood Parquet,0.07,12.0,0.309,8.444935
Ind-Zone-V0,"2Bed
",77.22,0.515,2.25,1.481595,9,Ceiling,"Plasterboard 10mm Thick, Perforated 8mm Diameter Holes with 25mm Bitumen-Bonded Fibreglass",0.25,15.0,0.998,8.203935
LD-Urban-V3,"2Bed
",48.88,0.232,2.25,0.685593,9,Ceiling,"Plasterboard 10mm Thick, Perforated 8mm Diameter Holes with 25mm Bitumen-Bonded Fibreglass",0.25,15.0,0.805,6.632957
Roadside-V2,"2Bed
",64.11,0.359,1.35,0.567901,9,Ceiling,"75mm Woodwool Fixed Directly to Concrete, Pre-Screeded Surface Facing Backing",0.15,15.0,0.917,6.391957
Roadside-V2,"2Bed
",61.12,0.329,1.26,0.721434,9,Ceiling,"Plaster (Gypsum or Lime, Rough Finish or Timber Lath)",0.14,15.0,0.805,6.454383
GreenEdge-V3,"2Bed
",45.01,0.193,2.871,0.854489,9,Window,Laminated Glass + Concrete Block (Coarse),0.319,15.0,0.967,6.213383
HD-Urban-V1,"2Bed
",55.14,0.269,0.252,0.625648,9,Window,Glazed Ceramic Tile + Plaster with Wallpaper Backing,0.028,15.0,0.94,6.359975
HD-Urban-V1,"2Bed
",57.89,0.297,2.637,0.87027,9,Window,Small Pane Glass + Concrete Block (Painted),0.293,15.0,0.702,6.118975
Ind-Zone-V0,"2Bed
",77.2,0.523,0.225,0.757944,9,Window,Large Pane Glass + Plaster on Masonry,0.025,15.0,0.805,6.454382
GreenEdge-V3,"2Bed
",47.64,0.194,0.252,0.541632,9,Window,Glass Block + Plaster with Wallpaper Backing,0.028,15.0,0.988,6.213382
MD-Urban-V2,"2Bed
",51.25,0.23,0.513,0.889503,9,Door,Hollow-Core Wood Door + Plaster with Wallpaper Backing,0.057,15.0,0.994,6.359975
HD-Urban-V1,"2Bed
",58.5,0.295,5.85,0.522021,9,Wall,Fiberglass Board,0.65,15.0,0.887,6.118975
HD-Urban-V1,"2Bed
",57.83,0.288,0.18,0.554854,9,Wall,Plaster on Masonry,0.02,15.0,0.994,7.992177
HD-Urban-V0,"3Bed
",61.43,0.349,0.27,0.683329,9,Wall,Unpainted Brick,0.03,3.0,0.99,7.751177
MD-Urban-V2,"3Bed
",54.8,0.33,4.14,0.762431,9,Wall,Concrete Block (Painted),0.46,3.0,0.831,8.444935
Roadside-V1,"3Bed
",71.72,0.465,0.09,0.692639,9,Floor,Terrazzo,0.01,3.0,0.868,8.203935
HD-Urban-V1,"3Bed
",57.27,0.32,0.9,0.78494,9,Floor,Wood Flooring on Joists,0.1,3.0,0.868,5.884256
GreenEdge-V3,"3Bed
",46.09,0.242,2.25,0.54148,9,Floor,Thin Carpet on Concrete,0.25,3.0,0.738,5.860256
Roadside-V2,"3Bed
",62.88,0.433,2.7,0.734973,9,Floor,Thin Carpet on Wood,0.3,3.0,0.963,5.853256
Roadside-V2,"3Bed
",61.97,0.424,3.6,0.687218,9,Ceiling,"Plywood, 5mm, on Battens with 50mm Airspace Filled with Glass Wool",0.4,3.0,0.963,7.414182
HD-Urban-V0,"3Bed
",64.25,0.447,2.16,0.58664,9,Ceiling,Wood Tongue-and-Groove Roof Decking,0.24,3.0,0.984,6.996182
HD-Urban-V1,"3Bed
",56.88,0.373,4.05,0.77013,9,Ceiling,"12% Perforated Plaster Tiles with Absorbent Felt, 200mm Ceiling Void",0.45,3.0,0.805,7.222182
HD-Urban-V1,"3Bed
",55.8,0.363,2.7,0.664374,9,Ceiling,Plasterboard 10mm Thick Backed with 25mm Thick Bitumen,0.3,3.0,0.975,6.116407
GreenEdge-V3,"3Bed
",41.29,0.187,0.684,0.67364,9,Window,Double Pane Glass + Painted Brick,0.076,6.0,0.967,6.338407
Roadside-V2,"3Bed
",62.99,0.404,0.522,0.704595,9,Window,Laminated Glass + Painted Brick,0.058,6.0,0.976,6.189407
Ind-Zone-V0,"3Bed
",80.75,0.54,0.306,1.138256,9,Window,Large Pane Glass + Unpainted Brick,0.034,6.0,0.994,6.640042
Roadside-V2,"3Bed
",60.32,0.378,2.565,0.871055,9,Window,Glazed Ceramic Tile + Concrete Block (Painted),0.285,6.0,0.8,6.100411
HD-Urban-V0,"3Bed
",60.93,0.341,0.162,0.958333,9,Window,Large Pane Glass + Painted Brick,0.018,6.0,0.978,6.431932
HD-Urban-V0,"3Bed
",64.2,0.386,0.351,0.552737,9,Door,Laminated Glass Door + Painted Brick,0.039,6.0,0.957,8.613692
Ind-Zone-V0,"3Bed
",77.75,0.51,0.27,0.58664,9,Wall,Unpainted Brick,0.03,6.0,0.985,8.393209
HD-Urban-V1,"3Bed
",57.61,0.369,5.85,0.810176,9,Wall,Fiberglass Board,0.65,6.0,0.978,5.504494
HD-Urban-V1,"3Bed
",59.94,0.344,1.35,0.62673,9,Wall,Wood Paneling,0.15,6.0,0.984,5.915365
HD-Urban-V0,"3Bed
",60.47,0.349,5.85,0.625513,9,Wall,Fiberglass Board,0.65,6.0,0.998,5.40671
GreenEdge-V3,"3Bed
",47.87,0.223,1.35,0.924697,9,Floor,Cork Floor Tiles,0.15,6.0,0.805,5.77471
Roadside-V1,"3Bed
",68.3,0.427,2.7,0.612426,9,Floor,Thin Carpet on Wood,0.3,6.0,0.463,5.48771
GreenEdge-V3,"3Bed
",41.67,0.181,0.9,0.794626,9,Floor,Wood Flooring on Joists,0.1,9.0,0.502,5.351682
HD-Urban-V1,"3Bed
",58.9,0.354,0.09,0.55137,9,Floor,Marble,0.01,9.0,0.328,5.368682
HD-Urban-V0,"3Bed
",64.38,0.372,2.7,0.617384,9,Ceiling,"50mm Woodwool Slabs on 25mm Cavity, Pre-Screeded Surface Facing Cavity",0.3,9.0,0.327,7.287429
Ind-Zone-V0,"3Bed
",78.68,0.526,4.5,0.859176,9,Ceiling,"100mm Woodwool Slabs on 25mm Cavity, Pre-Screeded Surface Facing Cavity",0.5,9.0,0.465,5.182903
MD-Urban-V2,"3Bed
",53.36,0.313,3.6,0.47099,9,Ceiling,"Plywood, 5mm, on Battens with 50mm Airspace Filled with Glass Wool",0.4,9.0,0.483,9.017588
HD-Urban-V1,"3Bed
",59.85,0.338,3.6,0.543511,9,Ceiling,Plywood 12mm Thick Perforated 5mm Diameter Holes with 60mm Thick Fibreglass Between Mounting Battens,0.4,9.0,0.478,7.554601
HD-Urban-V1,"3Bed
",56.49,0.304,2.439,0.76525,9,Window,Glass Block + Concrete Block (Coarse),0.271,9.0,0.309,7.337601
Roadside-V1,"3Bed
",72.15,0.461,0.864,0.767479,9,Window,Glass Block + Wood Paneling,0.096,9.0,0.31,9.472195
HD-Urban-V0,"3Bed
",62.37,0.388,3.159,0.710468,9,Window,Double Pane Glass + Concrete Block (Painted),0.351,9.0,0.444,7.069286
Roadside-V2,"3Bed
",63.01,0.409,3.15,0.761429,9,Window,Insulated Glazing Unit + Concrete Block (Painted),0.35,9.0,0.314,8.5327
HD-Urban-V1,"3Bed
",56.79,0.347,0.756,0.771566,9,Door,Acoustic Door + Plaster on Masonry,0.084,9.0,0.34,6.262022
HD-Urban-V1,"3Bed
",59.37,0.373,4.5,0.690822,9,Wall,Acoustic Plaster,0.5,9.0,0.469,6.231022
MD-Urban-V2,"3Bed
",52.87,0.308,0.18,0.65285,9,Wall,Plaster on Masonry,0.02,9.0,0.484,6.499022
Ind-Zone-V0,"3Bed
",76.09,0.54,0.45,1.124564,9,Wall,Gypsum Board,0.05,9.0,0.467,6.51934
Roadside-V2,"3Bed
",62.22,0.376,5.85,1.043572,9,Wall,Fiberglass Board,0.65,12.0,0.468,6.14834
HD-Urban-V0,"3Bed
",60.73,0.361,0.45,0.812903,9,Wall,Gypsum Board,0.05,12.0,0.917,5.40614
HD-Urban-V1,"3Bed
",59.52,0.349,0.27,1.503112,9,Floor,Vinyl Tile,0.03,12.0,0.998,5.16514
HD-Urban-V1,"3Bed
",55.63,0.28,4.5,0.626324,9,Floor,Thick Pile Carpet,0.5,12.0,0.94,6.458116
HD-Urban-V0,"3Bed
",64.95,0.373,1.35,0.569352,9,Floor,Cork Floor Tiles,0.15,12.0,0.917,6.217116
Roadside-V1,"3Bed
",66.19,0.385,0.09,0.70374,9,Floor,Marble,0.01,12.0,0.998,6.828367
GreenEdge-V3,"3Bed
",42.59,0.18,0.9,0.902523,9,Ceiling,"Wood Panels, 18mm Alternate 15mm Slot & 35mm Wooden Slat with 25mm Rockwool Backing",0.1,12.0,0.778,6.587367
GreenEdge-V3,"3Bed
",48.44,0.238,1.8,0.645147,9,Ceiling,"Plaster Decorative Panels, Ceilings",0.2,12.0,0.975,5.408777
Roadside-V2,"3Bed
",60.44,0.358,2.7,0.834197,9,Ceiling,"50mm Woodwool Slabs on 25mm Cavity, Pre-Screeded Surface Facing Cavity",0.3,12.0,0.984,5.167777
HD-Urban-V0,"3Bed
",60.46,0.359,1.08,0.702546,9,Ceiling,"Metal Ceiling, 32.5% Perforated, Backed by 30mm Rockwool",0.12,12.0,0.963,5.389345
LD-Urban-V3,"3Bed
",49.24,0.246,3.204,0.671766,9,Window,Wired Glass + Concrete Block (Painted),0.356,12.0,0.738,5.148345
Roadside-V2,"3Bed
",60.97,0.353,0.738,0.672858,9,Window,Double Pane Glass + Plaster on Masonry,0.082,15.0,0.975,8.444935
Roadside-V2,"3Bed
",61.3,0.323,0.756,0.777569,9,Window,Laminated Glass + Painted Brick,0.084,15.0,0.975,8.203935
Roadside-V2,"3Bed
",64.56,0.355,3.15,0.562828,9,Window,Small Pane Glass + Concrete Block (Painted),0.35,15.0,0.895,8.444935
Roadside-V1,"3Bed
",68.98,0.441,0.81,0.894721,9,Window,Laminated Glass + Plaster on Masonry,0.09,15.0,0.895,8.203935
HD-Urban-V0,"3Bed
",60.93,0.344,1.008,0.692804,9,, + Wood Paneling,0.112,15.0,1.0,8.444935
MD-Urban-V2,"3Bed
",53.92,0.278,0.756,0.842932,9,Door,Acoustic Door + Plaster on Masonry,0.084,15.0,0.957,8.203935
LD-Urban-V3,"3Bed
",48.53,0.22,0.09,0.535576,9,Wall,Painted Brick,0.01,15.0,0.987,6.632957
HD-Urban-V0,"3Bed
",63.35,0.368,4.14,0.897214,9,Wall,Concrete Block (Painted),0.46,15.0,0.835,6.391957
Ind-Zone-V0,"3Bed
",77.22,0.507,4.5,0.908464,9,Wall,Acoustic Plaster,0.5,15.0,0.738,6.454383
LD-Urban-V3,"3Bed
",48.88,0.223,2.25,0.665137,9,Floor,Thin Carpet on Concrete,0.25,15.0,0.988,6.213383
HD-Urban-V0,1Bed,61.43,0.396,0.63,0.451512,9,Floor,Wood Parquet,0.07,3.0,0.998,6.359975
MD-Urban-V2,1Bed,54.8,0.33,1.35,0.634429,9,Floor,Cork Floor Tiles,0.15,3.0,0.895,6.118975
Roadside-V1,1Bed,71.72,0.499,0.09,0.297669,9,Floor,Marble,0.01,3.0,0.85,6.454382
HD-Urban-V1,1Bed,57.27,0.354,1.35,0.328205,9,Ceiling,Plasterboard (12mm) in Suspended Ceiling Grid,0.15,3.0,0.361,6.213382
GreenEdge-V3,1Bed,46.09,0.265,1.35,0.597918,9,Ceiling,Plasterboard (12mm) in Suspended Ceiling Grid,0.15,3.0,0.491,6.359975
Roadside-V2,1Bed,62.88,0.37,2.25,0.399766,9,Ceiling,"100mm Woodwool Fixed Directly to Concrete, Pre-Screeded Surface Facing Backing",0.25,3.0,0.49,6.118975
Roadside-V2,1Bed,61.97,0.354,4.5,0.334917,9,Ceiling,0.8mm Unperforated Metal Panels Backed with 25mm Thick Resin Bonded Fibreglass,0.5,3.0,0.485,7.992177
HD-Urban-V0,1Bed,64.25,0.424,2.439,0.421385,9,Window,Glazed Ceramic Tile + Concrete Block (Coarse),0.271,3.0,0.465,7.751177
HD-Urban-V1,1Bed,56.88,0.303,2.088,0.379809,9,Window,Insulated Glazing Unit + Concrete Block (Coarse),0.232,3.0,0.492,8.444935
HD-Urban-V1,1Bed,55.8,0.363,2.088,0.497034,9,Window,Insulated Glazing Unit + Concrete Block (Coarse),0.232,3.0,0.496,8.203935
GreenEdge-V3,1Bed,41.29,0.148,3.42,0.322832,9,Window,Insulated Glazing Unit + Acoustic Plaster,0.38,3.0,0.488,9.130715
Roadside-V2,1Bed,62.99,0.411,3.222,0.897988,9,Door,Fire-Rated Door with Mineral Core + Concrete Block (Coarse),0.358,3.0,0.478,9.330715
Ind-Zone-V0,1Bed,80.75,0.555,1.35,0.480953,9,Wall,Wood Paneling,0.15,3.0,0.308,8.924715
Roadside-V2,1Bed,60.32,0.358,5.85,0.490973,9,Wall,Fiberglass Board,0.65,3.0,0.307,7.440348
HD-Urban-V0,1Bed,60.93,0.357,0.27,0.689183,9,Wall,Unpainted Brick,0.03,3.0,0.422,7.129348
HD-Urban-V0,1Bed,64.2,0.424,0.09,0.481193,9,Wall,Painted Brick,0.01,3.0,0.446,7.061348
Ind-Zone-V0,1Bed,77.75,0.552,0.18,0.437013,9,Wall,Plaster on Masonry,0.02,6.0,0.444,5.988764
HD-Urban-V1,1Bed,57.61,0.32,0.27,0.402095,9,Floor,Vinyl Tile,0.03,6.0,0.483,6.363764
HD-Urban-V1,1Bed,59.94,0.393,0.63,0.41738,9,Floor,Wood Parquet,0.07,6.0,0.489,5.982764
HD-Urban-V0,1Bed,60.47,0.343,2.25,0.663167,9,Floor,Thin Carpet on Concrete,0.25,6.0,0.504,8.508287
GreenEdge-V3,1Bed,47.87,0.211,2.25,0.361209,9,Floor,Thin Carpet on Concrete,0.25,6.0,0.335,7.445048
Roadside-V1,1Bed,68.3,0.476,0.9,0.425092,9,Ceiling,Sprayed Cellulose Fiber (32mm on Solid Backing),0.1,6.0,0.484,5.952034
GreenEdge-V3,1Bed,41.67,0.149,1.8,0.376406,9,Ceiling,"Plaster Decorative Panels, Ceilings",0.2,6.0,0.963,9.109399
HD-Urban-V1,1Bed,58.9,0.333,3.6,0.439397,9,Ceiling,"Plywood, 12mm, with 30mm Thick Fibreglass Backing Between 30mm Battens",0.4,6.0,0.963,6.263453
HD-Urban-V0,1Bed,64.38,0.437,3.6,0.475743,9,Ceiling,Plywood 12mm Thick Perforated 5mm Diameter Holes with 60mm Thick Fibreglass Between Mounting Battens,0.4,6.0,0.993,7.533117
Ind-Zone-V0,1Bed,78.68,0.552,3.15,0.536499,9,Window,Small Pane Glass + Concrete Block (Painted),0.35,9.0,0.975,8.303026
MD-Urban-V2,1Bed,53.36,0.298,0.324,0.310387,9,Window,Small Pane Glass + Plaster with Wallpaper Backing,0.036,9.0,0.985,8.432764
HD-Urban-V1,1Bed,59.85,0.363,2.565,0.23988,9,Window,Glass Block + Concrete Block (Painted),0.285,9.0,0.975,8.190764
HD-Urban-V1,1Bed,56.49,0.33,0.405,0.516151,9,Window,Frosted Glass + Plaster with Wallpaper Backing,0.045,9.0,0.94,8.425764
Roadside-V1,1Bed,72.15,0.461,4.113,0.505882,9,Door,Acoustic Door + Concrete Block (Painted),0.457,9.0,0.963,7.518392
HD-Urban-V0,1Bed,62.37,0.403,1.35,0.587734,9,Wall,Wood Paneling,0.15,9.0,0.805,7.509392
Roadside-V2,1Bed,63.01,0.364,5.85,0.350848,9,Wall,Fiberglass Board,0.65,9.0,0.975,7.170851
HD-Urban-V1,1Bed,56.79,0.333,0.45,0.400263,9,Wall,Gypsum Board,0.05,9.0,0.975,7.195897
HD-Urban-V1,1Bed,59.37,0.339,4.14,0.33284,9,Wall,Concrete Block (Painted),0.46,9.0,0.998,6.048701
MD-Urban-V2,1Bed,52.87,0.293,3.24,0.32621,9,Wall,Concrete Block (Coarse),0.36,9.0,0.82,7.605565
Ind-Zone-V0,1Bed,76.09,0.515,0.9,0.349578,9,Floor,Wood Flooring on Joists,0.1,12.0,0.984,7.904565
Roadside-V2,1Bed,62.22,0.376,0.27,0.287228,9,Floor,Vinyl Tile,0.03,12.0,0.963,7.080231
HD-Urban-V0,1Bed,60.73,0.34,0.63,0.583828,9,Floor,Wood Parquet,0.07,12.0,0.868,8.292412
HD-Urban-V1,1Bed,59.52,0.36,1.35,0.35187,9,Floor,Cork Floor Tiles,0.15,12.0,0.984,7.495304
HD-Urban-V1,1Bed,55.63,0.284,0.72,0.438003,9,Ceiling,Sprayed Cellulose Fiber (25mm on Solid Backing),0.08,12.0,0.998,6.32536
HD-Urban-V0,1Bed,64.95,0.404,1.8,0.253206,9,Ceiling,50mm Mineral Wool Behind 25% Open Area Perforated Steel,0.2,12.0,0.805,6.25536
Roadside-V1,1Bed,66.19,0.427,1.08,0.545895,9,Ceiling,"Metal Ceiling, 32.5% Perforated, Backed by 30mm Rockwool",0.12,12.0,0.975,6.24836
GreenEdge-V3,1Bed,42.59,0.159,3.6,0.661805,9,Ceiling,Plywood 12mm Thick Perforated 5mm Diameter Holes with 60mm Thick Fibreglass Between Mounting Battens,0.4,12.0,0.917,7.108628
GreenEdge-V3,1Bed,48.44,0.238,3.771,0.553716,9,Window,Double Pane Glass + Acoustic Plaster,0.419,12.0,0.997,7.131628
Roadside-V2,1Bed,60.44,0.337,0.162,0.379362,9,Window,Small Pane Glass + Painted Brick,0.018,12.0,0.908,6.403684
HD-Urban-V0,1Bed,60.46,0.328,0.306,0.452145,9,Window,Large Pane Glass + Unpainted Brick,0.034,12.0,0.992,6.645684
LD-Urban-V3,1Bed,49.24,0.225,2.871,0.438998,9,Window,Laminated Glass + Concrete Block (Coarse),0.319,12.0,0.993,7.415563
Roadside-V2,1Bed,60.97,0.338,0.585,0.544665,9,Door,Hollow-Core Wood Door + Gypsum Board,0.065,12.0,0.924,7.657563
Roadside-V2,1Bed,61.3,0.367,0.36,0.528864,9,Wall,Plaster with Wallpaper Backing,0.04,12.0,0.821,5.693054
Roadside-V2,1Bed,64.56,0.389,0.45,0.453206,9,Wall,Gypsum Board,0.05,15.0,0.979,5.935054
Roadside-V1,1Bed,68.98,0.433,4.5,0.703228,9,Wall,Acoustic Plaster,0.5,15.0,0.979,8.707977
HD-Urban-V0,1Bed,60.93,0.353,1.35,0.641164,9,Wall,Wood Paneling,0.15,15.0,0.979,8.949977
MD-Urban-V2,1Bed,53.92,0.282,0.27,0.464983,9,Wall,Unpainted Brick,0.03,15.0,0.979,8.688545
LD-Urban-V3,1Bed,48.53,0.229,0.27,0.365721,9,Floor,Vinyl Tile,0.03,15.0,0.805,8.930545
HD-Urban-V0,1Bed,63.35,0.377,4.5,0.456849,9,Floor,Medium Pile Carpet,0.5,15.0,0.895,11.744135
Ind-Zone-V0,1Bed,77.22,0.515,4.5,0.468591,9,Floor,Medium Pile Carpet,0.5,15.0,0.805,11.986135
LD-Urban-V3,1Bed,48.88,0.232,2.25,0.463422,9,Floor,Thin Carpet on Concrete,0.25,15.0,0.85,11.744135
Roadside-V2,1Bed,64.11,0.371,1.08,0.404282,9,Ceiling,"Metal Ceiling, 32.5% Perforated, Backed by 30mm Rockwool",0.12,15.0,0.94,11.986135
Roadside-V2,1Bed,61.12,0.354,0.45,0.642443,9,Ceiling,Sprayed Cellulose Fiber (16mm on Solid Backing),0.05,15.0,0.8,11.744135
GreenEdge-V3,1Bed,45.01,0.176,0.54,0.366693,9,Ceiling,"Mineral Wool Tiles, Glued/Screwed to Soffit",0.06,15.0,0.984,11.986135
HD-Urban-V0,"2Bed
",61.43,0.396,4.05,0.807355,9,Ceiling,"12% Perforated Plaster Tiles with Absorbent Felt, 200mm Ceiling Void",0.45,3.0,0.924,9.932157
MD-Urban-V2,"2Bed
",54.8,0.33,0.225,0.93514,9,Window,Large Pane Glass + Plaster on Masonry,0.025,3.0,0.844,10.174157
Roadside-V1,"2Bed
",71.72,0.499,3.681,0.861346,9,Window,Insulated Glazing Unit + Fiberglass Board,0.409,3.0,0.949,9.753582
HD-Urban-V1,"2Bed
",57.27,0.307,1.521,0.654028,9,Window,Laminated Glass + Wood Paneling,0.169,3.0,0.984,9.995582
GreenEdge-V3,"2Bed
",46.09,0.196,1.071,0.479643,9,Window,Insulated Glazing Unit + Wood Paneling,0.119,3.0,0.988,9.659175
Roadside-V2,"2Bed
",62.88,0.41,1.746,0.520755,9,Door,Acoustic Door + Wood Paneling,0.194,3.0,0.963,9.901175
Roadside-V2,"2Bed
",61.97,0.354,0.18,1.196285,9,Wall,Plaster on Masonry,0.02,3.0,0.979,9.753582
HD-Urban-V0,"2Bed
",64.25,0.447,0.36,0.611586,9,Wall,Plaster with Wallpaper Backing,0.04,3.0,0.984,9.995582
HD-Urban-V1,"2Bed
",56.88,0.317,4.5,0.566237,9,Wall,Acoustic Plaster,0.5,3.0,0.984,9.659175
HD-Urban-V1,"2Bed
",55.8,0.306,5.85,0.807692,9,Wall,Fiberglass Board,0.65,3.0,0.917,9.901175
GreenEdge-V3,"2Bed
",41.29,0.161,0.36,0.61178,9,Wall,Plaster with Wallpaper Backing,0.04,3.0,0.94,11.291376
Roadside-V2,"2Bed
",62.99,0.434,0.63,0.766667,9,Floor,Wood Parquet,0.07,3.0,0.985,11.533376
Ind-Zone-V0,"2Bed
",80.75,0.555,0.63,0.639947,9,Floor,Wood Parquet,0.07,3.0,0.463,11.744135
Roadside-V2,"2Bed
",60.32,0.408,2.7,0.649194,9,Floor,Thin Carpet on Wood,0.3,3.0,0.483,11.986135
HD-Urban-V0,"2Bed
",60.93,0.414,2.25,0.515888,9,Floor,Thin Carpet on Concrete,0.25,3.0,0.483,9.130715
HD-Urban-V0,"2Bed
",64.2,0.416,2.7,0.515063,9,Ceiling,"50mm Woodwool Slabs on 25mm Cavity, Pre-Screeded Surface Facing Cavity",0.3,6.0,0.295,9.330715
Ind-Zone-V0,"2Bed
",77.75,0.552,0.9,0.812789,9,Ceiling,"Wood Panels, 18mm Alternate 15mm Slot & 35mm Wooden Slat with 25mm Rockwool Backing",0.1,6.0,0.478,8.924715
HD-Urban-V1,"2Bed
",57.61,0.351,3.6,0.520054,9,Ceiling,"Plywood, 12mm, with 30mm Thick Fibreglass Backing Between 30mm Battens",0.4,6.0,0.497,7.440348
HD-Urban-V1,"2Bed
",59.94,0.374,1.8,0.765452,9,Ceiling,"Plaster Decorative Panels, Ceilings",0.2,6.0,0.487,7.129348
HD-Urban-V0,"2Bed
",60.47,0.379,3.42,0.731818,9,Window,Insulated Glazing Unit + Acoustic Plaster,0.38,6.0,0.372,7.061348
GreenEdge-V3,"2Bed
",47.87,0.272,2.736,0.650505,9,Window,Frosted Glass + Concrete Block (Painted),0.304,6.0,0.308,5.988764
Roadside-V1,"2Bed
",68.3,0.457,3.789,0.482759,9,Window,Frosted Glass + Fiberglass Board,0.421,6.0,0.477,6.363764
GreenEdge-V3,"2Bed
",41.67,0.21,0.567,0.575342,9,Window,Single Pane Glass + Gypsum Board,0.063,6.0,0.477,5.982764
HD-Urban-V1,"2Bed
",58.9,0.382,0.432,0.967936,9,Window,Frosted Glass + Plaster with Wallpaper Backing,0.048,6.0,0.421,8.508287
HD-Urban-V0,"2Bed
",64.38,0.437,4.356,0.449093,9,, + Fiberglass Board,0.484,6.0,0.504,7.445048
Ind-Zone-V0,"2Bed
",78.68,0.58,0.981,0.612944,9,Door,Acoustic Door + Gypsum Board,0.109,6.0,0.467,5.952034
MD-Urban-V2,"2Bed
",53.36,0.327,0.27,0.589204,9,Wall,Unpainted Brick,0.03,6.0,0.498,9.109399
HD-Urban-V1,"2Bed
",59.85,0.392,4.5,0.50365,9,Wall,Acoustic Plaster,0.5,6.0,0.413,6.263453
HD-Urban-V1,"2Bed
",56.49,0.358,0.18,0.714497,9,Wall,Plaster on Masonry,0.02,6.0,0.221,7.533117
Roadside-V1,"2Bed
",72.15,0.515,1.35,0.50523,9,Floor,Cork Floor Tiles,0.15,6.0,0.498,8.303026
HD-Urban-V0,"2Bed
",62.37,0.388,1.35,0.803661,9,Floor,Cork Floor Tiles,0.15,9.0,0.498,8.432764
Roadside-V2,"2Bed
",63.01,0.395,0.09,0.628088,9,Floor,Terrazzo,0.01,9.0,0.496,8.190764
HD-Urban-V1,"2Bed
",56.79,0.333,2.7,0.955962,9,Floor,Thin Carpet on Wood,0.3,9.0,0.495,8.425764
HD-Urban-V1,"2Bed
",59.37,0.322,4.05,0.67364,9,Ceiling,"12% Perforated Plaster Tiles with Absorbent Felt, 200mm Ceiling Void",0.45,9.0,0.489,7.518392
MD-Urban-V2,"2Bed
",52.87,0.293,3.6,0.552474,9,Ceiling,"Plywood, 5mm, on Battens with 50mm Airspace Filled with Glass Wool",0.4,9.0,0.471,7.509392
Ind-Zone-V0,"2Bed
",76.09,0.489,6.57,0.724953,9,Ceiling,"Metal Deck (Perforated Channels, 75mm Batts)",0.73,9.0,0.492,7.170851
Roadside-V2,"2Bed
",62.22,0.35,4.05,0.790831,9,Ceiling,"Gypsum Plaster Tiles, 17% Perforated, 22mm",0.45,9.0,0.328,7.195897
HD-Urban-V0,"2Bed
",60.73,0.336,3.771,0.675524,9,Window,Double Pane Glass + Acoustic Plaster,0.419,9.0,0.495,6.048701
HD-Urban-V1,"2Bed
",59.52,0.323,0.432,0.609464,9,Window,Frosted Glass + Plaster with Wallpaper Backing,0.048,9.0,0.467,7.605565
HD-Urban-V1,"2Bed
",55.63,0.335,0.144,0.764543,9,Window,Glazed Ceramic Tile + Plaster on Masonry,0.016,9.0,0.31,7.904565
HD-Urban-V0,"2Bed
",64.95,0.429,0.333,0.849231,9,Window,Small Pane Glass + Plaster with Wallpaper Backing,0.037,9.0,0.998,7.080231
Roadside-V1,"2Bed
",66.19,0.401,0.432,0.527869,9,Door,Single Pane Glass Door + Gypsum Board,0.048,9.0,0.805,8.292412
GreenEdge-V3,"2Bed
",42.59,0.205,0.18,0.536667,9,Wall,Plaster on Masonry,0.02,9.0,0.917,7.495304
GreenEdge-V3,"2Bed
",48.44,0.238,5.85,0.711864,9,Wall,Fiberglass Board,0.65,12.0,0.805,6.32536
Roadside-V2,"2Bed
",60.44,0.358,3.24,0.52301,9,Wall,Concrete Block (Coarse),0.36,12.0,0.967,6.25536
HD-Urban-V0,"2Bed
",60.46,0.359,0.18,0.617647,9,Wall,Plaster on Masonry,0.02,12.0,0.94,6.24836
LD-Urban-V3,"2Bed
",49.24,0.216,0.27,0.487879,9,Wall,Unpainted Brick,0.03,12.0,0.702,7.108628
Roadside-V2,"2Bed
",60.97,0.333,4.5,0.579832,9,Floor,Medium Pile Carpet,0.5,12.0,0.805,7.131628
Roadside-V2,"2Bed
",61.3,0.336,0.9,0.882192,9,Floor,Wood Flooring on Joists,0.1,12.0,0.988,6.403684
Roadside-V2,"2Bed
",64.56,0.369,0.27,0.775281,9,Floor,Vinyl Tile,0.03,12.0,0.994,6.645684
Roadside-V1,"2Bed
",68.98,0.455,0.63,0.467005,9,Floor,Wood Parquet,0.07,12.0,0.887,7.415563
HD-Urban-V0,"2Bed
",60.93,0.374,1.8,0.666667,9,Ceiling,50mm Mineral Wool Behind 25% Open Area Perforated Steel,0.2,12.0,0.994,7.657563
MD-Urban-V2,"2Bed
",53.92,0.262,2.7,0.622022,9,Ceiling,Perforated Underside of Structural Steel Decking,0.3,12.0,0.99,5.693054
LD-Urban-V3,"2Bed
",48.53,0.239,0.45,0.817951,9,Ceiling,Sprayed Cellulose Fiber (16mm on Solid Backing),0.05,12.0,0.831,5.935054
HD-Urban-V0,"2Bed
",63.35,0.388,2.7,0.947523,9,Ceiling,Perforated Underside of Structural Steel Decking,0.3,12.0,0.868,8.707977
Ind-Zone-V0,"2Bed
",77.22,0.515,0.288,1.481595,9,Window,Glass Block + Plaster with Wallpaper Backing,0.032,15.0,0.868,8.949977
LD-Urban-V3,"2Bed
",48.88,0.232,1.458,0.685593,9,Window,Double Pane Glass + Wood Paneling,0.162,15.0,0.738,8.688545
Roadside-V2,"2Bed
",64.11,0.359,3.096,0.567901,9,Window,Single Pane Glass + Acoustic Plaster,0.344,15.0,0.963,8.930545
Roadside-V2,"2Bed
",61.12,0.329,3.312,0.721434,9,Window,Single Pane Glass + Concrete Block (Painted),0.368,15.0,0.963,11.744135
GreenEdge-V3,"2Bed
",45.01,0.193,0.432,0.854489,9,Door,Single Pane Glass Door + Gypsum Board,0.048,15.0,0.984,11.986135
HD-Urban-V1,"2Bed
",55.14,0.269,3.24,0.625648,9,Wall,Concrete Block (Coarse),0.36,15.0,0.805,11.744135
HD-Urban-V1,"2Bed
",57.89,0.297,4.14,0.87027,9,Wall,Concrete Block (Painted),0.46,15.0,0.975,11.986135
Ind-Zone-V0,"2Bed
",77.2,0.523,0.45,0.757944,9,Wall,Gypsum Board,0.05,15.0,0.967,11.744135
GreenEdge-V3,"2Bed
",47.64,0.194,4.5,0.541632,9,Wall,Acoustic Plaster,0.5,15.0,0.976,11.986135
MD-Urban-V2,"2Bed
",51.25,0.23,4.14,0.889503,9,Wall,Concrete Block (Painted),0.46,15.0,0.994,9.932157
HD-Urban-V1,"2Bed
",58.5,0.295,0.09,0.522021,9,Floor,Terrazzo,0.01,15.0,0.8,10.174157
HD-Urban-V1,"2Bed
",57.83,0.288,1.35,0.554854,9,Floor,Cork Floor Tiles,0.15,15.0,0.978,9.753582
HD-Urban-V0,"3Bed
",61.43,0.349,1.35,0.683329,9,Floor,Cork Floor Tiles,0.15,3.0,0.957,9.995582
MD-Urban-V2,"3Bed
",54.8,0.33,1.35,0.762431,9,Floor,Cork Floor Tiles,0.15,3.0,0.985,9.659175
Roadside-V1,"3Bed
",71.72,0.465,1.26,0.692639,9,Ceiling,"Plaster (Gypsum or Lime, Rough Finish or Timber Lath)",0.14,3.0,0.978,9.901175
HD-Urban-V1,"3Bed
",57.27,0.32,6.57,0.78494,9,Ceiling,"Metal Deck (Perforated Channels, 75mm Batts)",0.73,3.0,0.984,9.753582
GreenEdge-V3,"3Bed
",46.09,0.242,2.25,0.54148,9,Ceiling,"100mm Woodwool Fixed Directly to Concrete, Pre-Screeded Surface Facing Backing",0.25,3.0,0.998,9.995582
Roadside-V2,"3Bed
",62.88,0.433,1.71,0.734973,9,Ceiling,"Metal Deck (Perforated Channels, 25mm Batts)",0.19,3.0,0.805,9.659175
Roadside-V2,"3Bed
",61.97,0.424,0.27,0.687218,9,Window,Small Pane Glass + Unpainted Brick,0.03,3.0,0.463,9.901175
HD-Urban-V0,"3Bed
",64.25,0.447,0.567,0.58664,9,Window,Single Pane Glass + Plaster with Wallpaper Backing,0.063,3.0,0.502,11.291376
HD-Urban-V1,"3Bed
",56.88,0.373,3.384,0.77013,9,Window,Double Pane Glass + Acoustic Plaster,0.376,3.0,0.329,11.533376
HD-Urban-V1,"3Bed
",55.8,0.363,0.387,0.664374,9,Window,Wired Glass + Plaster with Wallpaper Backing,0.043,3.0,0.326,11.744135
GreenEdge-V3,"3Bed
",41.29,0.187,0.585,0.67364,9,Door,Hollow-Core Wood Door + Gypsum Board,0.065,6.0,0.465,11.986135
Roadside-V2,"3Bed
",62.99,0.404,4.14,0.704595,9,Wall,Concrete Block (Painted),0.46,6.0,0.484,9.130715
Ind-Zone-V0,"3Bed
",80.75,0.54,4.14,1.138256,9,Wall,Concrete Block (Painted),0.46,6.0,0.478,9.330715
Roadside-V2,"3Bed
",60.32,0.378,5.85,0.871055,9,Wall,Fiberglass Board,0.65,6.0,0.309,8.924715
HD-Urban-V0,"3Bed
",60.93,0.341,0.09,0.958333,9,Wall,Painted Brick,0.01,6.0,0.31,7.440348
HD-Urban-V0,"3Bed
",64.2,0.386,4.14,0.552737,9,Wall,Concrete Block (Painted),0.46,6.0,0.444,7.129348
Ind-Zone-V0,"3Bed
",77.75,0.51,1.35,0.58664,9,Floor,Cork Floor Tiles,0.15,6.0,0.314,7.061348
HD-Urban-V1,"3Bed
",57.61,0.369,2.7,0.810176,9,Floor,Thin Carpet on Wood,0.3,6.0,0.339,5.988764
HD-Urban-V1,"3Bed
",59.94,0.344,1.35,0.62673,9,Floor,Cork Floor Tiles,0.15,6.0,0.469,6.363764
HD-Urban-V0,"3Bed
",60.47,0.349,1.35,0.625513,9,Floor,Cork Floor Tiles,0.15,6.0,0.484,5.982764
GreenEdge-V3,"3Bed
",47.87,0.223,1.8,0.924697,9,Ceiling,"Plaster Decorative Panels, Ceilings",0.2,6.0,0.467,8.508287
Roadside-V1,"3Bed
",68.3,0.427,2.7,0.612426,9,Ceiling,Perforated Underside of Structural Steel Decking,0.3,6.0,0.467,7.445048
GreenEdge-V3,"3Bed
",41.67,0.181,1.08,0.794626,9,Ceiling,"Metal Ceiling, 32.5% Perforated, Backed by 30mm Rockwool",0.12,9.0,0.917,5.952034
HD-Urban-V1,"3Bed
",58.9,0.354,2.16,0.55137,9,Ceiling,Wood Tongue-and-Groove Roof Decking,0.24,9.0,0.998,9.109399
HD-Urban-V0,"3Bed
",64.38,0.372,3.42,0.617384,9,Window,Small Pane Glass + Acoustic Plaster,0.38,9.0,0.94,6.263453
Ind-Zone-V0,"3Bed
",78.68,0.526,4.203,0.859176,9,Window,Double Pane Glass + Fiberglass Board,0.467,9.0,0.917,7.533117
MD-Urban-V2,"3Bed
",53.36,0.313,2.088,0.47099,9,Window,Small Pane Glass + Concrete Block (Coarse),0.232,9.0,0.998,8.303026
HD-Urban-V1,"3Bed
",59.85,0.338,0.207,0.543511,9,Window,Small Pane Glass + Plaster on Masonry,0.023,9.0,0.778,8.432764
HD-Urban-V1,"3Bed
",56.49,0.304,1.215,0.76525,9,Door,Sliding Wood Door + Wood Paneling,0.135,9.0,0.975,8.190764
Roadside-V1,"3Bed
",72.15,0.461,0.27,0.767479,9,Wall,Unpainted Brick,0.03,9.0,0.984,8.425764
HD-Urban-V0,"3Bed
",62.37,0.388,5.85,0.710468,9,Wall,Fiberglass Board,0.65,9.0,0.963,7.518392
Roadside-V2,"3Bed
",63.01,0.409,0.18,0.761429,9,Wall,Plaster on Masonry,0.02,9.0,0.738,7.509392
HD-Urban-V1,"3Bed
",56.79,0.347,0.45,0.771566,9,Wall,Gypsum Board,0.05,9.0,0.975,7.170851
HD-Urban-V1,"3Bed
",59.37,0.373,4.14,0.690822,9,Wall,Concrete Block (Painted),0.46,9.0,0.975,7.195897
MD-Urban-V2,"3Bed
",52.87,0.308,2.25,0.65285,9,Floor,Thin Carpet on Concrete,0.25,9.0,0.895,6.048701
Ind-Zone-V0,"3Bed
",76.09,0.54,2.7,1.124564,9,Floor,Thin Carpet on Wood,0.3,9.0,0.895,7.605565
Roadside-V2,"3Bed
",62.22,0.376,0.63,1.043572,9,Floor,Wood Parquet,0.07,12.0,1.0,7.904565
HD-Urban-V0,"3Bed
",60.73,0.361,4.5,0.812903,9,Floor,Thick Pile Carpet,0.5,12.0,0.957,7.080231
HD-Urban-V1,"3Bed
",59.52,0.349,1.71,1.503112,9,Ceiling,"Metal Deck (Perforated Channels, 25mm Batts)",0.19,12.0,0.987,8.292412
HD-Urban-V1,"3Bed
",55.63,0.28,3.6,0.626324,9,Ceiling,"Plywood, 12mm, with 30mm Thick Fibreglass Backing Between 30mm Battens",0.4,12.0,0.835,7.495304
HD-Urban-V0,"3Bed
",64.95,0.373,6.57,0.569352,9,Ceiling,"Metal Deck (Perforated Channels, 75mm Batts)",0.73,12.0,0.738,6.32536
Roadside-V1,"3Bed
",66.19,0.385,1.8,0.70374,9,Ceiling,Plywood 12mm Thick Perforated 5mm Diameter Holes with 60mm Deep Air Space Behind,0.2,12.0,0.988,6.25536
GreenEdge-V3,"3Bed
",42.59,0.18,3.582,0.902523,9,Window,Single Pane Glass + Acoustic Plaster,0.398,12.0,0.998,6.24836
GreenEdge-V3,"3Bed
",48.44,0.238,0.324,0.645147,9,Window,Small Pane Glass + Plaster with Wallpaper Backing,0.036,12.0,0.895,7.108628
Roadside-V2,"3Bed
",60.44,0.358,0.198,0.834197,9,Window,Large Pane Glass + Painted Brick,0.022,12.0,0.85,7.131628
HD-Urban-V0,"3Bed
",60.46,0.359,0.549,0.702546,9,Window,Double Pane Glass + Plaster on Masonry,0.061,12.0,0.361,6.403684
LD-Urban-V3,"3Bed
",49.24,0.246,3.231,0.671766,9,Window,Laminated Glass + Concrete Block (Painted),0.359,12.0,0.49,6.645684
Roadside-V2,"3Bed
",60.97,0.353,1.008,0.672858,9,, + Wood Paneling,0.112,15.0,0.49,7.415563
Roadside-V2,"3Bed
",61.3,0.323,4.482,0.777569,9,Door,Steel Door with Acoustic Treatment + Acoustic Plaster,0.498,15.0,0.486,7.657563
Roadside-V2,"3Bed
",64.56,0.355,3.24,0.562828,9,Wall,Concrete Block (Coarse),0.36,15.0,0.466,5.693054
Roadside-V1,"3Bed
",68.98,0.441,4.14,0.894721,9,Wall,Concrete Block (Painted),0.46,15.0,0.492,5.935054
HD-Urban-V0,"3Bed
",60.93,0.344,0.09,0.692804,9,Wall,Painted Brick,0.01,15.0,0.496,8.707977
MD-Urban-V2,"3Bed
",53.92,0.278,0.09,0.842932,9,Floor,Marble,0.01,15.0,0.488,8.949977
LD-Urban-V3,"3Bed
",48.53,0.22,0.9,0.535576,9,Floor,Wood Flooring on Joists,0.1,15.0,0.477,8.688545
HD-Urban-V0,"3Bed
",63.35,0.368,2.7,0.897214,9,Floor,Thin Carpet on Wood,0.3,15.0,0.308,8.930545
Ind-Zone-V0,"3Bed
",77.22,0.507,4.5,0.908464,9,Floor,Thick Pile Carpet,0.5,15.0,0.307,11.744135
LD-Urban-V3,"3Bed
",48.88,0.223,0.09,0.665137,9,Ceiling,"Plaster (Gypsum or Lime, on Masonry)",0.01,15.0,0.422,11.986135
HD-Urban-V0,1Bed,61.43,0.396,4.05,0.451512,9,Ceiling,"12% Perforated Plaster Tiles with Absorbent Felt, 200mm Ceiling Void",0.45,3.0,0.446,11.744135
MD-Urban-V2,1Bed,54.8,0.33,2.7,0.634429,9,Ceiling,"50mm Woodwool Slabs on 25mm Cavity, Pre-Screeded Surface Facing Cavity",0.3,3.0,0.444,11.986135
Roadside-V1,1Bed,71.72,0.499,0.09,0.297669,9,Ceiling,"Plaster (Gypsum or Lime, on Masonry)",0.01,3.0,0.482,11.744135
HD-Urban-V1,1Bed,57.27,0.354,2.439,0.328205,9,Window,Glazed Ceramic Tile + Concrete Block (Coarse),0.271,3.0,0.489,11.986135
GreenEdge-V3,1Bed,46.09,0.265,2.637,0.597918,9,Window,Small Pane Glass + Concrete Block (Painted),0.293,3.0,0.504,9.932157
Roadside-V2,1Bed,62.88,0.37,2.088,0.399766,9,Window,Insulated Glazing Unit + Concrete Block (Coarse),0.232,3.0,0.335,10.174157
Roadside-V2,1Bed,61.97,0.354,2.646,0.334917,9,Window,Single Pane Glass + Concrete Block (Coarse),0.294,3.0,0.484,9.753582
HD-Urban-V0,1Bed,64.25,0.424,0.45,0.421385,9,Door,Sliding Wood Door + Gypsum Board,0.05,3.0,0.963,9.995582
HD-Urban-V1,1Bed,56.88,0.303,4.5,0.379809,9,Wall,Acoustic Plaster,0.5,3.0,0.963,9.659175
HD-Urban-V1,1Bed,55.8,0.363,0.18,0.497034,9,Wall,Plaster on Masonry,0.02,3.0,0.993,9.901175
GreenEdge-V3,1Bed,41.29,0.148,1.35,0.322832,9,Wall,Wood Paneling,0.15,3.0,0.975,9.753582
Roadside-V2,1Bed,62.99,0.411,3.24,0.897988,9,Wall,Concrete Block (Coarse),0.36,3.0,0.985,9.995582
Ind-Zone-V0,1Bed,80.75,0.555,0.36,0.480953,9,Wall,Plaster with Wallpaper Backing,0.04,3.0,0.975,9.659175
Roadside-V2,1Bed,60.32,0.358,2.25,0.490973,9,Floor,Thin Carpet on Concrete,0.25,3.0,0.94,9.901175
HD-Urban-V0,1Bed,60.93,0.357,0.09,0.689183,9,Floor,Terrazzo,0.01,3.0,0.963,11.291376
HD-Urban-V0,1Bed,64.2,0.424,0.9,0.481193,9,Floor,Wood Flooring on Joists,0.1,3.0,0.805,11.533376
Ind-Zone-V0,1Bed,77.75,0.552,2.7,0.437013,9,Floor,Thin Carpet on Wood,0.3,6.0,0.975,11.744135
HD-Urban-V1,1Bed,57.61,0.32,0.9,0.402095,9,Ceiling,Sprayed Cellulose Fiber (32mm on Solid Backing),0.1,6.0,0.975,11.986135
HD-Urban-V1,1Bed,59.94,0.393,3.6,0.41738,9,Ceiling,Plywood 12mm Thick Perforated 5mm Diameter Holes with 60mm Thick Fibreglass Between Mounting Battens,0.4,6.0,0.998,9.130715
HD-Urban-V0,1Bed,60.47,0.343,0.72,0.663167,9,Ceiling,Sprayed Cellulose Fiber (25mm on Solid Backing),0.08,6.0,0.82,9.330715
GreenEdge-V3,1Bed,47.87,0.211,0.9,0.361209,9,Ceiling,"Wood Panels, 18mm Alternate 15mm Slot & 35mm Wooden Slat with 25mm Rockwool Backing",0.1,6.0,0.984,8.924715
Roadside-V1,1Bed,68.3,0.476,3.546,0.425092,9,Window,Laminated Glass + Concrete Block (Painted),0.394,6.0,0.963,7.440348
GreenEdge-V3,1Bed,41.67,0.149,3.753,0.376406,9,Window,Wired Glass + Fiberglass Board,0.417,6.0,0.868,7.129348
HD-Urban-V1,1Bed,58.9,0.333,0.864,0.439397,9,Window,Glazed Ceramic Tile + Wood Paneling,0.096,6.0,0.984,7.061348
HD-Urban-V0,1Bed,64.38,0.437,2.556,0.475743,9,Window,Frosted Glass + Concrete Block (Coarse),0.284,6.0,0.998,5.988764
Ind-Zone-V0,1Bed,78.68,0.552,1.35,0.536499,9,Door,Hollow-Core Wood Door + Wood Paneling,0.15,9.0,0.805,6.363764
MD-Urban-V2,1Bed,53.36,0.298,0.18,0.310387,9,Wall,Plaster on Masonry,0.02,9.0,0.975,5.982764
HD-Urban-V1,1Bed,59.85,0.363,0.45,0.23988,9,Wall,Gypsum Board,0.05,9.0,0.917,8.508287
HD-Urban-V1,1Bed,56.49,0.33,0.36,0.516151,9,Wall,Plaster with Wallpaper Backing,0.04,9.0,0.997,7.445048
Roadside-V1,1Bed,72.15,0.461,0.45,0.505882,9,Wall,Gypsum Board,0.05,9.0,0.908,5.952034
HD-Urban-V0,1Bed,62.37,0.403,0.36,0.587734,9,Wall,Plaster with Wallpaper Backing,0.04,9.0,0.992,9.109399
Roadside-V2,1Bed,63.01,0.364,0.09,0.350848,9,Floor,Marble,0.01,9.0,0.993,6.263453
HD-Urban-V1,1Bed,56.79,0.333,0.27,0.400263,9,Floor,Vinyl Tile,0.03,9.0,0.924,7.533117
HD-Urban-V1,1Bed,59.37,0.339,2.7,0.33284,9,Floor,Thin Carpet on Wood,0.3,9.0,0.821,8.303026
MD-Urban-V2,1Bed,52.87,0.293,0.09,0.32621,9,Floor,Marble,0.01,9.0,0.979,8.432764
Ind-Zone-V0,1Bed,76.09,0.515,2.43,0.349578,9,Ceiling,"Hardboard, 25% Perforated Over 50mm Mineral Wool",0.27,12.0,0.979,8.190764
Roadside-V2,1Bed,62.22,0.376,0.09,0.287228,9,Ceiling,"Plaster (Gypsum or Lime, on Masonry)",0.01,12.0,0.979,8.425764
HD-Urban-V0,1Bed,60.73,0.34,1.35,0.583828,9,Ceiling,"75mm Woodwool Fixed Directly to Concrete, Pre-Screeded Surface Facing Backing",0.15,12.0,0.979,7.518392
HD-Urban-V1,1Bed,59.52,0.36,4.5,0.35187,9,Ceiling,0.8mm Unperforated Metal Panels Backed with 25mm Thick Resin Bonded Fibreglass,0.5,12.0,0.805,7.509392
HD-Urban-V1,1Bed,55.63,0.284,0.09,0.438003,9,Window,Glazed Ceramic Tile + Painted Brick,0.01,12.0,0.895,7.170851
HD-Urban-V0,1Bed,64.95,0.404,2.673,0.253206,9,Window,Large Pane Glass + Concrete Block (Painted),0.297,12.0,0.805,7.195897
Roadside-V1,1Bed,66.19,0.427,0.567,0.545895,9,Window,Single Pane Glass + Plaster with Wallpaper Backing,0.063,12.0,0.85,6.048701
GreenEdge-V3,1Bed,42.59,0.159,3.15,0.661805,9,Window,Insulated Glazing Unit + Concrete Block (Painted),0.35,12.0,0.94,7.605565
GreenEdge-V3,1Bed,48.44,0.238,0.756,0.553716,9,Door,Acoustic Door + Plaster on Masonry,0.084,12.0,0.8,7.904565
Roadside-V2,1Bed,60.44,0.337,4.5,0.379362,9,Wall,Acoustic Plaster,0.5,12.0,0.984,7.080231
HD-Urban-V0,1Bed,60.46,0.328,0.45,0.452145,9,Wall,Gypsum Board,0.05,12.0,0.924,8.292412
LD-Urban-V3,1Bed,49.24,0.225,4.5,0.438998,9,Wall,Acoustic Plaster,0.5,12.0,0.844,7.495304
Roadside-V2,1Bed,60.97,0.338,4.14,0.544665,9,Wall,Concrete Block (Painted),0.46,12.0,0.949,6.32536
Roadside-V2,1Bed,61.3,0.367,4.5,0.528864,9,Wall,Acoustic Plaster,0.5,12.0,0.984,6.25536
Roadside-V2,1Bed,64.56,0.389,0.09,0.453206,9,Floor,Terrazzo,0.01,15.0,0.988,6.24836
Roadside-V1,1Bed,68.98,0.433,2.7,0.703228,9,Floor,Thin Carpet on Wood,0.3,15.0,0.963,7.108628
HD-Urban-V0,1Bed,60.93,0.353,0.63,0.641164,9,Floor,Wood Parquet,0.07,15.0,0.979,7.131628
MD-Urban-V2,1Bed,53.92,0.282,4.5,0.464983,9,Floor,Thick Pile Carpet,0.5,15.0,0.984,6.403684
LD-Urban-V3,1Bed,48.53,0.229,2.43,0.365721,9,Ceiling,"Hardboard, 25% Perforated Over 50mm Mineral Wool",0.27,15.0,0.984,6.645684
HD-Urban-V0,1Bed,63.35,0.377,1.08,0.456849,9,Ceiling,"Metal Ceiling, 32.5% Perforated, Backed by 30mm Rockwool",0.12,15.0,0.917,7.415563
Ind-Zone-V0,1Bed,77.22,0.515,0.9,0.468591,9,Ceiling,"Wood Panels, 18mm Alternate 15mm Slot & 35mm Wooden Slat with 25mm Rockwool Backing",0.1,15.0,0.94,7.657563
LD-Urban-V3,1Bed,48.88,0.232,3.6,0.463422,9,Ceiling,"Plywood, 12mm, with 30mm Thick Fibreglass Backing Between 30mm Battens",0.4,15.0,0.985,5.693054
Roadside-V2,1Bed,64.11,0.371,0.405,0.404282,9,Window,Frosted Glass + Plaster with Wallpaper Backing,0.045,15.0,0.463,5.935054
Roadside-V2,1Bed,61.12,0.354,2.853,0.642443,9,Window,Small Pane Glass + Acoustic Plaster,0.317,15.0,0.483,8.707977
GreenEdge-V3,1Bed,45.01,0.176,0.927,0.366693,9,Window,Small Pane Glass + Wood Paneling,0.103,15.0,0.483,8.949977
HD-Urban-V0,"2Bed
",61.43,0.396,1.143,0.807355,9,Window,Frosted Glass + Wood Paneling,0.127,3.0,0.295,8.688545
MD-Urban-V2,"2Bed
",54.8,0.33,0.441,0.93514,9,Door,Plywood Door + Plaster with Wallpaper Backing,0.049,3.0,0.479,8.930545
Roadside-V1,"2Bed
",71.72,0.499,3.24,0.861346,9,Wall,Concrete Block (Coarse),0.36,3.0,0.496,11.744135
HD-Urban-V1,"2Bed
",57.27,0.307,3.24,0.654028,9,Wall,Concrete Block (Coarse),0.36,3.0,0.487,11.986135
GreenEdge-V3,"2Bed
",46.09,0.196,1.35,0.479643,9,Wall,Wood Paneling,0.15,3.0,0.372,11.744135
Roadside-V2,"2Bed
",62.88,0.41,0.18,0.520755,9,Wall,Plaster on Masonry,0.02,3.0,0.309,11.986135
Roadside-V2,"2Bed
",61.97,0.354,0.18,1.196285,9,Wall,Plaster on Masonry,0.02,3.0,0.477,11.744135
HD-Urban-V0,"2Bed
",64.25,0.447,0.9,0.611586,9,Floor,Wood Flooring on Joists,0.1,3.0,0.476,11.986135
HD-Urban-V1,"2Bed
",56.88,0.317,0.09,0.566237,9,Floor,Marble,0.01,3.0,0.422,9.932157
HD-Urban-V1,"2Bed
",55.8,0.306,0.09,0.807692,9,Floor,Marble,0.01,3.0,0.504,10.174157
GreenEdge-V3,"2Bed
",41.29,0.161,1.35,0.61178,9,Floor,Cork Floor Tiles,0.15,3.0,0.466,9.753582
Roadside-V2,"2Bed
",62.99,0.434,1.26,0.766667,9,Ceiling,"Plaster (Gypsum or Lime, Rough Finish or Timber Lath)",0.14,3.0,0.498,9.995582
Ind-Zone-V0,"2Bed
",80.75,0.555,2.25,0.639947,9,Ceiling,"Plasterboard 10mm Thick, Perforated 8mm Diameter Holes with 25mm Bitumen-Bonded Fibreglass",0.25,3.0,0.413,9.659175
Roadside-V2,"2Bed
",60.32,0.408,3.6,0.649194,9,Ceiling,Plywood 12mm Thick Perforated 5mm Diameter Holes with 60mm Thick Fibreglass Between Mounting Battens,0.4,3.0,0.221,9.901175
HD-Urban-V0,"2Bed
",60.93,0.414,0.9,0.515888,9,Ceiling,Sprayed Cellulose Fiber (32mm on Solid Backing),0.1,3.0,0.498,9.753582
HD-Urban-V0,"2Bed
",64.2,0.416,3.312,0.515063,9,Window,Single Pane Glass + Concrete Block (Painted),0.368,6.0,0.498,9.995582
Ind-Zone-V0,"2Bed
",77.75,0.552,0.927,0.812789,9,Window,Insulated Glazing Unit + Wood Paneling,0.103,6.0,0.496,9.659175
HD-Urban-V1,"2Bed
",57.61,0.351,0.198,0.520054,9,Window,Glazed Ceramic Tile + Unpainted Brick,0.022,6.0,0.496,9.901175
HD-Urban-V1,"2Bed
",59.94,0.374,0.207,0.765452,9,Window,Small Pane Glass + Plaster on Masonry,0.023,6.0,0.489,11.291376
HD-Urban-V0,"2Bed
",60.47,0.379,0.387,0.731818,9,Door,Solid Wood Door + Plaster with Wallpaper Backing,0.043,6.0,0.472,11.533376
GreenEdge-V3,"2Bed
",47.87,0.272,0.09,0.650505,9,Wall,Painted Brick,0.01,6.0,0.492,11.744135
Roadside-V1,"2Bed
",68.3,0.457,4.14,0.482759,9,Wall,Concrete Block (Painted),0.46,6.0,0.328,11.986135
GreenEdge-V3,"2Bed
",41.67,0.21,0.09,0.575342,9,Wall,Painted Brick,0.01,6.0,0.495,9.130715
HD-Urban-V1,"2Bed
",58.9,0.382,5.85,0.967936,9,Wall,Fiberglass Board,0.65,6.0,0.467,9.330715
HD-Urban-V0,"2Bed
",64.38,0.437,5.85,0.449093,9,Wall,Fiberglass Board,0.65,6.0,0.31,8.924715
Ind-Zone-V0,"2Bed
",78.68,0.58,0.09,0.612944,9,Floor,Marble,0.01,6.0,0.998,7.440348
MD-Urban-V2,"2Bed
",53.36,0.327,0.63,0.589204,9,Floor,Wood Parquet,0.07,6.0,0.805,7.129348
HD-Urban-V1,"2Bed
",59.85,0.392,0.09,0.50365,9,Floor,Terrazzo,0.01,6.0,0.917,7.061348
HD-Urban-V1,"2Bed
",56.49,0.358,0.27,0.714497,9,Floor,Vinyl Tile,0.03,6.0,0.805,5.988764
Roadside-V1,"2Bed
",72.15,0.515,4.5,0.50523,9,Ceiling,"100mm Woodwool Slabs on 25mm Cavity, Pre-Screeded Surface Facing Cavity",0.5,6.0,0.967,6.363764
HD-Urban-V0,"2Bed
",62.37,0.388,0.9,0.803661,9,Ceiling,0.8mm Perforated Metal Tiles with 25mm Thick Resin-Bonded Fibreglass Slab,0.1,9.0,0.94,5.982764
Roadside-V2,"2Bed
",63.01,0.395,1.8,0.628088,9,Ceiling,"Plaster Decorative Panels, Ceilings",0.2,9.0,0.702,8.508287
HD-Urban-V1,"2Bed
",56.79,0.333,0.9,0.955962,9,Ceiling,0.8mm Perforated Metal Tiles with 25mm Thick Resin-Bonded Fibreglass Slab,0.1,9.0,0.805,7.445048
HD-Urban-V1,"2Bed
",59.37,0.322,2.853,0.67364,9,Window,Insulated Glazing Unit + Acoustic Plaster,0.317,9.0,0.988,5.952034
MD-Urban-V2,"2Bed
",52.87,0.293,0.135,0.552474,9,Window,Insulated Glazing Unit + Painted Brick,0.015,9.0,0.994,9.109399
Ind-Zone-V0,"2Bed
",76.09,0.489,4.203,0.724953,9,Window,Double Pane Glass + Fiberglass Board,0.467,9.0,0.887,6.263453
Roadside-V2,"2Bed
",62.22,0.35,0.927,0.790831,9,Window,Insulated Glazing Unit + Wood Paneling,0.103,9.0,0.994,7.533117
HD-Urban-V0,"2Bed
",60.73,0.336,0.522,0.675524,9,Window,Laminated Glass + Painted Brick,0.058,9.0,0.99,8.303026
HD-Urban-V1,"2Bed
",59.52,0.323,0.711,0.609464,9,Door,Fire-Rated Door with Mineral Core + Unpainted Brick,0.079,9.0,0.831,8.432764
HD-Urban-V1,"2Bed
",55.63,0.335,1.35,0.764543,9,Wall,Wood Paneling,0.15,9.0,0.868,8.190764
HD-Urban-V0,"2Bed
",64.95,0.429,3.24,0.849231,9,Wall,Concrete Block (Coarse),0.36,9.0,0.868,8.425764
Roadside-V1,"2Bed
",66.19,0.401,3.24,0.527869,9,Wall,Concrete Block (Coarse),0.36,9.0,0.738,7.518392
GreenEdge-V3,"2Bed
",42.59,0.205,0.09,0.536667,9,Wall,Painted Brick,0.01,9.0,0.963,7.509392
GreenEdge-V3,"2Bed
",48.44,0.238,0.27,0.711864,9,Floor,Vinyl Tile,0.03,12.0,0.963,7.170851
Roadside-V2,"2Bed
",60.44,0.358,0.09,0.52301,9,Floor,Terrazzo,0.01,12.0,0.984,7.195897
HD-Urban-V0,"2Bed
",60.46,0.359,0.27,0.617647,9,Floor,Vinyl Tile,0.03,12.0,0.805,6.048701
LD-Urban-V3,"2Bed
",49.24,0.216,0.9,0.487879,9,Floor,Wood Flooring on Joists,0.1,12.0,0.975,7.605565
Roadside-V2,"2Bed
",60.97,0.333,2.7,0.579832,9,Ceiling,Perforated Underside of Structural Steel Decking,0.3,12.0,0.967,7.904565
Roadside-V2,"2Bed
",61.3,0.336,1.08,0.882192,9,Ceiling,"Metal Ceiling, 32.5% Perforated, Backed by 30mm Rockwool",0.12,12.0,0.976,7.080231
Roadside-V2,"2Bed
",64.56,0.369,0.9,0.775281,9,Ceiling,0.8mm Perforated Metal Tiles with 25mm Thick Resin-Bonded Fibreglass Slab,0.1,12.0,0.994,8.292412
Roadside-V1,"2Bed
",68.98,0.455,1.26,0.467005,9,Ceiling,"Plaster (Gypsum or Lime, Rough Finish or Timber Lath)",0.14,12.0,0.8,7.495304
HD-Urban-V0,"2Bed
",60.93,0.374,4.815,0.666667,9,Window,Laminated Glass + Fiberglass Board,0.535,12.0,0.978,6.32536
MD-Urban-V2,"2Bed
",53.92,0.262,1.521,0.622022,9,Window,Laminated Glass + Wood Paneling,0.169,12.0,0.957,6.25536
LD-Urban-V3,"2Bed
",48.53,0.239,2.853,0.817951,9,Window,Insulated Glazing Unit + Acoustic Plaster,0.317,12.0,0.985,6.24836
HD-Urban-V0,"2Bed
",63.35,0.388,2.511,0.947523,9,Window,Large Pane Glass + Concrete Block (Coarse),0.279,12.0,0.978,7.108628
Ind-Zone-V0,"2Bed
",77.22,0.515,3.222,1.481595,9,Door,Fire-Rated Door with Mineral Core + Concrete Block (Coarse),0.358,15.0,0.984,7.131628
LD-Urban-V3,"2Bed
",48.88,0.232,0.27,0.685593,9,Wall,Unpainted Brick,0.03,15.0,0.998,6.403684
Roadside-V2,"2Bed
",64.11,0.359,1.35,0.567901,9,Wall,Wood Paneling,0.15,15.0,0.805,6.645684
HD-Urban-V1,"3Bed
",59.85,0.338,4.5,0.543511,9,Wall,Acoustic Plaster,0.5,9.0,0.495,5.982764
HD-Urban-V1,"3Bed
",56.49,0.304,0.18,0.76525,9,Wall,Plaster on Masonry,0.02,9.0,0.483,8.508287
Roadside-V1,"3Bed
",72.15,0.461,0.45,0.767479,9,Wall,Gypsum Board,0.05,9.0,0.482,7.445048
HD-Urban-V0,"3Bed
",62.37,0.388,4.5,0.710468,9,Floor,Thick Pile Carpet,0.5,9.0,0.496,5.952034
Roadside-V2,"3Bed
",63.01,0.409,0.63,0.761429,9,Floor,Wood Parquet,0.07,9.0,0.325,9.109399
HD-Urban-V1,"3Bed
",56.79,0.347,0.9,0.771566,9,Floor,Wood Flooring on Joists,0.1,9.0,0.479,6.263453
HD-Urban-V1,"3Bed
",59.37,0.373,1.35,0.690822,9,Floor,Cork Floor Tiles,0.15,9.0,0.478,7.533117
MD-Urban-V2,"3Bed
",52.87,0.308,0.45,0.65285,9,Ceiling,Sprayed Cellulose Fiber (16mm on Solid Backing),0.05,9.0,0.399,8.303026
Ind-Zone-V0,"3Bed
",76.09,0.54,3.6,1.124564,9,Ceiling,Plywood 12mm Thick Perforated 5mm Diameter Holes with 60mm Thick Fibreglass Between Mounting Battens,0.4,9.0,0.412,8.432764
Roadside-V2,"3Bed
",62.22,0.376,2.7,1.043572,9,Ceiling,"50mm Woodwool Slabs on 25mm Cavity, Pre-Screeded Surface Facing Cavity",0.3,12.0,0.308,8.190764
HD-Urban-V0,"3Bed
",60.73,0.361,1.71,0.812903,9,Ceiling,"Metal Deck (Perforated Channels, 25mm Batts)",0.19,12.0,0.323,8.425764
HD-Urban-V1,"3Bed
",59.52,0.349,0.549,1.503112,9,Window,Double Pane Glass + Plaster on Masonry,0.061,12.0,0.494,7.518392
HD-Urban-V1,"3Bed
",55.63,0.28,0.567,0.626324,9,Window,Single Pane Glass + Plaster with Wallpaper Backing,0.063,12.0,0.414,7.509392
HD-Urban-V0,"3Bed
",64.95,0.373,2.187,0.569352,9,Window,Frosted Glass + Concrete Block (Coarse),0.243,12.0,0.487,7.170851
Roadside-V1,"3Bed
",66.19,0.385,3.177,0.70374,9,Window,Large Pane Glass + Concrete Block (Painted),0.353,12.0,0.488,7.195897
GreenEdge-V3,"3Bed
",42.59,0.18,5.031,0.902523,9,Door,Sliding Wood Door + Fiberglass Board,0.559,12.0,0.327,6.048701
GreenEdge-V3,"3Bed
",48.44,0.238,0.09,0.645147,9,Wall,Painted Brick,0.01,12.0,0.31,7.605565
Roadside-V2,"3Bed
",60.44,0.358,0.09,0.834197,9,Wall,Painted Brick,0.01,12.0,0.421,7.904565
HD-Urban-V0,"3Bed
",60.46,0.359,0.09,0.702546,9,Wall,Painted Brick,0.01,12.0,0.488,7.080231
LD-Urban-V3,"3Bed
",49.24,0.246,1.35,0.671766,9,Wall,Wood Paneling,0.15,12.0,0.496,8.292412
Roadside-V2,"3Bed
",60.97,0.353,0.36,0.672858,9,Wall,Plaster with Wallpaper Backing,0.04,15.0,0.477,7.495304
Roadside-V2,"3Bed
",61.3,0.323,4.5,0.777569,9,Floor,Thick Pile Carpet,0.5,15.0,0.43,6.32536
Roadside-V2,"3Bed
",64.56,0.355,0.63,0.562828,9,Floor,Wood Parquet,0.07,15.0,0.494,6.25536
Roadside-V1,"3Bed
",68.98,0.441,2.25,0.894721,9,Floor,Thin Carpet on Concrete,0.25,15.0,0.355,6.24836
HD-Urban-V0,"3Bed
",60.93,0.344,2.25,0.692804,9,Floor,Thin Carpet on Concrete,0.25,15.0,0.488,7.108628
MD-Urban-V2,"3Bed
",53.92,0.278,6.57,0.842932,9,Ceiling,"Metal Deck (Perforated Channels, 75mm Batts)",0.73,15.0,0.738,7.131628
LD-Urban-V3,"3Bed
",48.53,0.22,2.7,0.535576,9,Ceiling,Perforated Underside of Structural Steel Decking,0.3,15.0,0.985,6.403684
HD-Urban-V0,"3Bed
",63.35,0.368,3.6,0.897214,9,Ceiling,"Plywood, 12mm, with 30mm Thick Fibreglass Backing Between 30mm Battens",0.4,15.0,0.998,6.645684
Ind-Zone-V0,"3Bed
",77.22,0.507,0.54,0.908464,9,Ceiling,"Mineral Wool Tiles, Glued/Screwed to Soffit",0.06,15.0,0.963,7.415563
LD-Urban-V3,"3Bed
",48.88,0.223,0.252,0.665137,9,Window,Wired Glass + Plaster on Masonry,0.028,15.0,0.94,7.657563
